DescriptionID,CrashType,CrashCause
1,PARKED MOTOR VEHICLE,NOT APPLICABLE
2,SIDESWIPE SAME DIRECTION,UNABLE TO DETERMINE
3,SIDESWIPE SAME DIRECTION,FAILING TO YIELD RIGHT-OF-WAY
4,TURNING,FAILING TO YIELD RIGHT-OF-WAY
5,TURNING,UNABLE TO DETERMINE
6,PARKED MOTOR VEHICLE,UNABLE TO DETERMINE
7,TURNING,IMPROPER OVERTAKING/PASSING
8,REAR END,UNABLE TO DETERMINE
9,REAR END,NOT APPLICABLE
10,ANGLE,FAILING TO YIELD RIGHT-OF-WAY
11,TURNING,UNABLE TO DETERMINE
12,OTHER OBJECT,UNABLE TO DETERMINE
13,SIDESWIPE SAME DIRECTION,IMPROPER OVERTAKING/PASSING
14,REAR END,IMPROPER LANE USAGE
15,REAR END,EXCEEDING SAFE SPEED FOR CONDITIONS
16,REAR END,IMPROPER BACKING
17,PEDESTRIAN,DISTRACTION - FROM INSIDE VEHICLE
18,SIDESWIPE SAME DIRECTION,IMPROPER LANE USAGE
19,TURNING,IMPROPER OVERTAKING/PASSING
20,PEDESTRIAN,FAILING TO YIELD RIGHT-OF-WAY
21,REAR END,UNABLE TO DETERMINE
22,ANGLE,FAILING TO YIELD RIGHT-OF-WAY
23,SIDESWIPE SAME DIRECTION,UNABLE TO DETERMINE
24,SIDESWIPE SAME DIRECTION,IMPROPER LANE USAGE
25,REAR END,UNABLE TO DETERMINE
26,SIDESWIPE SAME DIRECTION,UNABLE TO DETERMINE
27,PARKED MOTOR VEHICLE,UNABLE TO DETERMINE
28,REAR END,FOLLOWING TOO CLOSELY
29,TURNING,FAILING TO YIELD RIGHT-OF-WAY
30,ANGLE,FAILING TO REDUCE SPEED TO AVOID CRASH
31,TURNING,UNABLE TO DETERMINE
32,TURNING,DISREGARDING TRAFFIC SIGNALS
33,TURNING,FAILING TO YIELD RIGHT-OF-WAY
34,TURNING,IMPROPER OVERTAKING/PASSING
35,SIDESWIPE SAME DIRECTION,NOT APPLICABLE
36,PARKED MOTOR VEHICLE,UNABLE TO DETERMINE
37,REAR END,FAILING TO REDUCE SPEED TO AVOID CRASH
38,TURNING,IMPROPER LANE USAGE
39,FIXED OBJECT,UNABLE TO DETERMINE
40,SIDESWIPE SAME DIRECTION,UNABLE TO DETERMINE
41,PARKED MOTOR VEHICLE,UNABLE TO DETERMINE
42,SIDESWIPE SAME DIRECTION,EXCEEDING AUTHORIZED SPEED LIMIT
43,PARKED MOTOR VEHICLE,IMPROPER OVERTAKING/PASSING
44,SIDESWIPE SAME DIRECTION,UNABLE TO DETERMINE
45,TURNING,FAILING TO YIELD RIGHT-OF-WAY
46,SIDESWIPE SAME DIRECTION,IMPROPER LANE USAGE
47,PARKED MOTOR VEHICLE,UNABLE TO DETERMINE
48,SIDESWIPE SAME DIRECTION,IMPROPER OVERTAKING/PASSING
49,SIDESWIPE SAME DIRECTION,IMPROPER LANE USAGE
50,SIDESWIPE SAME DIRECTION,FAILING TO REDUCE SPEED TO AVOID CRASH
51,FIXED OBJECT,NOT APPLICABLE
52,TURNING,UNABLE TO DETERMINE
53,SIDESWIPE SAME DIRECTION,UNABLE TO DETERMINE
54,PARKED MOTOR VEHICLE,UNABLE TO DETERMINE
55,TURNING,NOT APPLICABLE
56,REAR END,UNABLE TO DETERMINE
57,SIDESWIPE OPPOSITE DIRECTION,IMPROPER BACKING
58,FIXED OBJECT,FAILING TO REDUCE SPEED TO AVOID CRASH
59,PARKED MOTOR VEHICLE,UNABLE TO DETERMINE
60,FIXED OBJECT,IMPROPER TURNING/NO SIGNAL
61,REAR END,UNABLE TO DETERMINE
62,PARKED MOTOR VEHICLE,UNABLE TO DETERMINE
63,REAR END,NOT APPLICABLE
64,PARKED MOTOR VEHICLE,UNABLE TO DETERMINE
65,PARKED MOTOR VEHICLE,UNABLE TO DETERMINE
66,REAR END,FOLLOWING TOO CLOSELY
67,PARKED MOTOR VEHICLE,DISTRACTION - FROM OUTSIDE VEHICLE
68,PARKED MOTOR VEHICLE,"OPERATING VEHICLE IN ERRATIC, RECKLESS, CARELESS, NEGLIGENT OR AGGRESSIVE MANNER"
69,SIDESWIPE SAME DIRECTION,UNABLE TO DETERMINE
70,PEDESTRIAN,FAILING TO REDUCE SPEED TO AVOID CRASH
71,FIXED OBJECT,NOT APPLICABLE
72,TURNING,FAILING TO YIELD RIGHT-OF-WAY
73,SIDESWIPE SAME DIRECTION,IMPROPER OVERTAKING/PASSING
74,TURNING,NOT APPLICABLE
75,TURNING,UNABLE TO DETERMINE
76,REAR END,UNABLE TO DETERMINE
77,PARKED MOTOR VEHICLE,IMPROPER BACKING
78,REAR END,IMPROPER BACKING
79,SIDESWIPE SAME DIRECTION,FOLLOWING TOO CLOSELY
80,REAR END,WEATHER
81,TURNING,IMPROPER TURNING/NO SIGNAL
82,REAR END,UNABLE TO DETERMINE
83,TURNING,UNABLE TO DETERMINE
84,TURNING,UNABLE TO DETERMINE
85,TURNING,FAILING TO YIELD RIGHT-OF-WAY
86,SIDESWIPE SAME DIRECTION,UNABLE TO DETERMINE
87,PARKED MOTOR VEHICLE,UNABLE TO DETERMINE
88,PARKED MOTOR VEHICLE,EQUIPMENT - VEHICLE CONDITION
89,PARKED MOTOR VEHICLE,UNABLE TO DETERMINE
90,TURNING,FAILING TO YIELD RIGHT-OF-WAY
91,REAR END,NOT APPLICABLE
92,ANGLE,DISREGARDING STOP SIGN
93,REAR END,FOLLOWING TOO CLOSELY
94,ANGLE,FAILING TO YIELD RIGHT-OF-WAY
95,SIDESWIPE SAME DIRECTION,UNABLE TO DETERMINE
96,ANGLE,UNABLE TO DETERMINE
97,TURNING,FAILING TO REDUCE SPEED TO AVOID CRASH
98,ANGLE,UNABLE TO DETERMINE
99,REAR END,FOLLOWING TOO CLOSELY
100,PARKED MOTOR VEHICLE,UNDER THE INFLUENCE OF ALCOHOL/DRUGS (USE WHEN ARREST IS EFFECTED)
101,PARKED MOTOR VEHICLE,NOT APPLICABLE
102,TURNING,FAILING TO YIELD RIGHT-OF-WAY
103,SIDESWIPE SAME DIRECTION,UNABLE TO DETERMINE
104,TURNING,IMPROPER OVERTAKING/PASSING
105,ANGLE,"VISION OBSCURED (SIGNS, TREE LIMBS, BUILDINGS, ETC.)"
106,REAR END,FAILING TO REDUCE SPEED TO AVOID CRASH
107,ANGLE,NOT APPLICABLE
108,REAR END,FAILING TO REDUCE SPEED TO AVOID CRASH
109,SIDESWIPE SAME DIRECTION,NOT APPLICABLE
110,PARKED MOTOR VEHICLE,UNABLE TO DETERMINE
111,SIDESWIPE SAME DIRECTION,UNABLE TO DETERMINE
112,SIDESWIPE SAME DIRECTION,UNABLE TO DETERMINE
113,REAR END,UNABLE TO DETERMINE
114,REAR END,FOLLOWING TOO CLOSELY
115,REAR END,UNABLE TO DETERMINE
116,SIDESWIPE SAME DIRECTION,UNABLE TO DETERMINE
117,TURNING,IMPROPER TURNING/NO SIGNAL
118,REAR END,FOLLOWING TOO CLOSELY
119,FIXED OBJECT,DISTRACTION - FROM INSIDE VEHICLE
120,SIDESWIPE SAME DIRECTION,IMPROPER OVERTAKING/PASSING
121,PARKED MOTOR VEHICLE,WEATHER
122,SIDESWIPE SAME DIRECTION,IMPROPER OVERTAKING/PASSING
123,PARKED MOTOR VEHICLE,UNABLE TO DETERMINE
124,PARKED MOTOR VEHICLE,NOT APPLICABLE
125,SIDESWIPE SAME DIRECTION,UNABLE TO DETERMINE
126,ANGLE,UNABLE TO DETERMINE
127,FIXED OBJECT,UNABLE TO DETERMINE
128,ANGLE,WEATHER
129,SIDESWIPE SAME DIRECTION,UNABLE TO DETERMINE
130,TURNING,FAILING TO YIELD RIGHT-OF-WAY
131,REAR END,FOLLOWING TOO CLOSELY
132,REAR END,UNABLE TO DETERMINE
133,SIDESWIPE OPPOSITE DIRECTION,DRIVING SKILLS/KNOWLEDGE/EXPERIENCE
134,PARKED MOTOR VEHICLE,UNABLE TO DETERMINE
135,PARKED MOTOR VEHICLE,UNABLE TO DETERMINE
136,PEDESTRIAN,UNABLE TO DETERMINE
137,PEDALCYCLIST,UNABLE TO DETERMINE
138,REAR END,FOLLOWING TOO CLOSELY
139,PEDESTRIAN,UNABLE TO DETERMINE
140,SIDESWIPE SAME DIRECTION,IMPROPER OVERTAKING/PASSING
141,OTHER OBJECT,UNABLE TO DETERMINE
142,PARKED MOTOR VEHICLE,UNABLE TO DETERMINE
143,REAR END,FOLLOWING TOO CLOSELY
144,REAR END,UNABLE TO DETERMINE
145,REAR END,UNABLE TO DETERMINE
146,SIDESWIPE SAME DIRECTION,FAILING TO YIELD RIGHT-OF-WAY
147,HEAD ON,NOT APPLICABLE
148,PARKED MOTOR VEHICLE,UNABLE TO DETERMINE
149,SIDESWIPE OPPOSITE DIRECTION,UNABLE TO DETERMINE
150,REAR END,UNABLE TO DETERMINE
151,TURNING,UNABLE TO DETERMINE
152,PARKED MOTOR VEHICLE,NOT APPLICABLE
153,PARKED MOTOR VEHICLE,IMPROPER BACKING
154,REAR END,DISTRACTION - FROM INSIDE VEHICLE
155,REAR END,UNABLE TO DETERMINE
156,PARKED MOTOR VEHICLE,UNABLE TO DETERMINE
157,REAR END,UNABLE TO DETERMINE
158,PARKED MOTOR VEHICLE,UNABLE TO DETERMINE
159,SIDESWIPE SAME DIRECTION,UNABLE TO DETERMINE
160,SIDESWIPE SAME DIRECTION,UNABLE TO DETERMINE
161,OTHER OBJECT,UNABLE TO DETERMINE
162,TURNING,IMPROPER TURNING/NO SIGNAL
163,TURNING,IMPROPER BACKING
164,SIDESWIPE SAME DIRECTION,IMPROPER OVERTAKING/PASSING
165,PARKED MOTOR VEHICLE,UNABLE TO DETERMINE
166,PARKED MOTOR VEHICLE,NOT APPLICABLE
167,TURNING,FAILING TO YIELD RIGHT-OF-WAY
168,REAR END,FAILING TO REDUCE SPEED TO AVOID CRASH
169,FIXED OBJECT,NOT APPLICABLE
170,PEDALCYCLIST,FAILING TO YIELD RIGHT-OF-WAY
171,SIDESWIPE SAME DIRECTION,UNABLE TO DETERMINE
172,REAR END,UNABLE TO DETERMINE
173,SIDESWIPE SAME DIRECTION,IMPROPER LANE USAGE
174,FIXED OBJECT,UNABLE TO DETERMINE
175,PEDALCYCLIST,UNABLE TO DETERMINE
176,SIDESWIPE SAME DIRECTION,IMPROPER LANE USAGE
177,SIDESWIPE SAME DIRECTION,UNABLE TO DETERMINE
178,PARKED MOTOR VEHICLE,UNABLE TO DETERMINE
179,REAR END,UNABLE TO DETERMINE
180,PEDESTRIAN,FAILING TO REDUCE SPEED TO AVOID CRASH
181,REAR END,FAILING TO REDUCE SPEED TO AVOID CRASH
182,REAR END,UNABLE TO DETERMINE
183,PARKED MOTOR VEHICLE,UNABLE TO DETERMINE
184,TURNING,FAILING TO YIELD RIGHT-OF-WAY
185,ANGLE,UNABLE TO DETERMINE
186,REAR END,FOLLOWING TOO CLOSELY
187,REAR END,UNABLE TO DETERMINE
188,TURNING,UNABLE TO DETERMINE
189,SIDESWIPE OPPOSITE DIRECTION,UNABLE TO DETERMINE
190,REAR END,UNABLE TO DETERMINE
191,PARKED MOTOR VEHICLE,DRIVING SKILLS/KNOWLEDGE/EXPERIENCE
192,REAR END,WEATHER
193,TURNING,IMPROPER TURNING/NO SIGNAL
194,REAR END,NOT APPLICABLE
195,TURNING,IMPROPER TURNING/NO SIGNAL
196,SIDESWIPE SAME DIRECTION,FAILING TO YIELD RIGHT-OF-WAY
197,PARKED MOTOR VEHICLE,IMPROPER BACKING
198,PARKED MOTOR VEHICLE,IMPROPER BACKING
199,PARKED MOTOR VEHICLE,NOT APPLICABLE
200,REAR END,UNABLE TO DETERMINE
201,SIDESWIPE SAME DIRECTION,FAILING TO YIELD RIGHT-OF-WAY
202,SIDESWIPE SAME DIRECTION,FOLLOWING TOO CLOSELY
203,REAR END,FAILING TO REDUCE SPEED TO AVOID CRASH
204,TURNING,FAILING TO YIELD RIGHT-OF-WAY
205,PARKED MOTOR VEHICLE,UNABLE TO DETERMINE
206,REAR END,FOLLOWING TOO CLOSELY
207,REAR END,NOT APPLICABLE
208,SIDESWIPE SAME DIRECTION,IMPROPER LANE USAGE
209,TURNING,UNABLE TO DETERMINE
210,SIDESWIPE SAME DIRECTION,IMPROPER OVERTAKING/PASSING
211,SIDESWIPE SAME DIRECTION,UNABLE TO DETERMINE
212,REAR END,UNABLE TO DETERMINE
213,OTHER OBJECT,ROAD CONSTRUCTION/MAINTENANCE
214,TURNING,UNABLE TO DETERMINE
215,SIDESWIPE SAME DIRECTION,UNABLE TO DETERMINE
216,REAR END,FOLLOWING TOO CLOSELY
217,REAR TO FRONT,DRIVING SKILLS/KNOWLEDGE/EXPERIENCE
218,PARKED MOTOR VEHICLE,UNABLE TO DETERMINE
219,REAR END,FOLLOWING TOO CLOSELY
220,REAR END,IMPROPER OVERTAKING/PASSING
221,REAR END,FOLLOWING TOO CLOSELY
222,PARKED MOTOR VEHICLE,UNABLE TO DETERMINE
223,REAR END,UNABLE TO DETERMINE
224,PARKED MOTOR VEHICLE,IMPROPER OVERTAKING/PASSING
225,PEDESTRIAN,UNABLE TO DETERMINE
226,PARKED MOTOR VEHICLE,DRIVING SKILLS/KNOWLEDGE/EXPERIENCE
227,ANGLE,IMPROPER LANE USAGE
228,PARKED MOTOR VEHICLE,UNABLE TO DETERMINE
229,PARKED MOTOR VEHICLE,UNABLE TO DETERMINE
230,TURNING,UNABLE TO DETERMINE
231,TURNING,FAILING TO YIELD RIGHT-OF-WAY
232,TURNING,UNABLE TO DETERMINE
233,TURNING,FAILING TO YIELD RIGHT-OF-WAY
234,TURNING,UNABLE TO DETERMINE
235,SIDESWIPE SAME DIRECTION,UNABLE TO DETERMINE
236,TURNING,IMPROPER OVERTAKING/PASSING
237,TURNING,DRIVING ON WRONG SIDE/WRONG WAY
238,PARKED MOTOR VEHICLE,NOT APPLICABLE
239,PARKED MOTOR VEHICLE,UNABLE TO DETERMINE
240,PARKED MOTOR VEHICLE,IMPROPER TURNING/NO SIGNAL
241,PARKED MOTOR VEHICLE,NOT APPLICABLE
242,REAR END,IMPROPER BACKING
243,ANGLE,EXCEEDING AUTHORIZED SPEED LIMIT
244,REAR END,UNABLE TO DETERMINE
245,TURNING,FAILING TO YIELD RIGHT-OF-WAY
246,TURNING,FAILING TO YIELD RIGHT-OF-WAY
247,SIDESWIPE SAME DIRECTION,IMPROPER TURNING/NO SIGNAL
248,REAR END,FOLLOWING TOO CLOSELY
249,PARKED MOTOR VEHICLE,IMPROPER BACKING
250,TURNING,FAILING TO YIELD RIGHT-OF-WAY
251,FIXED OBJECT,UNABLE TO DETERMINE
252,SIDESWIPE SAME DIRECTION,FAILING TO YIELD RIGHT-OF-WAY
253,PARKED MOTOR VEHICLE,UNABLE TO DETERMINE
254,TURNING,UNABLE TO DETERMINE
255,SIDESWIPE SAME DIRECTION,IMPROPER OVERTAKING/PASSING
256,REAR END,FAILING TO REDUCE SPEED TO AVOID CRASH
257,FIXED OBJECT,UNABLE TO DETERMINE
258,SIDESWIPE SAME DIRECTION,UNABLE TO DETERMINE
259,SIDESWIPE SAME DIRECTION,FAILING TO REDUCE SPEED TO AVOID CRASH
260,TURNING,FAILING TO REDUCE SPEED TO AVOID CRASH
261,SIDESWIPE SAME DIRECTION,IMPROPER OVERTAKING/PASSING
262,REAR END,IMPROPER BACKING
263,PARKED MOTOR VEHICLE,UNABLE TO DETERMINE
264,SIDESWIPE SAME DIRECTION,IMPROPER LANE USAGE
265,TURNING,WEATHER
266,TURNING,FAILING TO YIELD RIGHT-OF-WAY
267,PARKED MOTOR VEHICLE,FAILING TO YIELD RIGHT-OF-WAY
268,REAR END,NOT APPLICABLE
269,REAR END,"OPERATING VEHICLE IN ERRATIC, RECKLESS, CARELESS, NEGLIGENT OR AGGRESSIVE MANNER"
270,SIDESWIPE SAME DIRECTION,UNABLE TO DETERMINE
271,PEDESTRIAN,UNABLE TO DETERMINE
272,REAR END,UNABLE TO DETERMINE
273,SIDESWIPE SAME DIRECTION,UNABLE TO DETERMINE
274,SIDESWIPE SAME DIRECTION,UNABLE TO DETERMINE
275,SIDESWIPE SAME DIRECTION,IMPROPER OVERTAKING/PASSING
276,REAR END,FOLLOWING TOO CLOSELY
277,TURNING,FAILING TO YIELD RIGHT-OF-WAY
278,ANGLE,IMPROPER BACKING
279,PARKED MOTOR VEHICLE,IMPROPER BACKING
280,TURNING,FOLLOWING TOO CLOSELY
281,TURNING,DISREGARDING TRAFFIC SIGNALS
282,REAR END,UNDER THE INFLUENCE OF ALCOHOL/DRUGS (USE WHEN ARREST IS EFFECTED)
283,SIDESWIPE SAME DIRECTION,UNABLE TO DETERMINE
284,REAR END,FAILING TO YIELD RIGHT-OF-WAY
285,SIDESWIPE SAME DIRECTION,FAILING TO YIELD RIGHT-OF-WAY
286,TURNING,UNABLE TO DETERMINE
287,TURNING,FAILING TO YIELD RIGHT-OF-WAY
288,FIXED OBJECT,DRIVING SKILLS/KNOWLEDGE/EXPERIENCE
289,TURNING,DISTRACTION - FROM OUTSIDE VEHICLE
290,REAR END,FOLLOWING TOO CLOSELY
291,SIDESWIPE SAME DIRECTION,DISREGARDING TRAFFIC SIGNALS
292,PARKED MOTOR VEHICLE,NOT APPLICABLE
293,REAR END,FOLLOWING TOO CLOSELY
294,PARKED MOTOR VEHICLE,NOT APPLICABLE
295,PARKED MOTOR VEHICLE,FAILING TO REDUCE SPEED TO AVOID CRASH
296,SIDESWIPE SAME DIRECTION,IMPROPER TURNING/NO SIGNAL
297,REAR END,UNABLE TO DETERMINE
298,REAR END,FOLLOWING TOO CLOSELY
299,ANGLE,UNABLE TO DETERMINE
300,TURNING,FAILING TO YIELD RIGHT-OF-WAY
301,TURNING,FAILING TO YIELD RIGHT-OF-WAY
302,SIDESWIPE SAME DIRECTION,"OPERATING VEHICLE IN ERRATIC, RECKLESS, CARELESS, NEGLIGENT OR AGGRESSIVE MANNER"
303,PARKED MOTOR VEHICLE,IMPROPER TURNING/NO SIGNAL
304,SIDESWIPE SAME DIRECTION,IMPROPER OVERTAKING/PASSING
305,REAR END,FOLLOWING TOO CLOSELY
306,REAR END,IMPROPER BACKING
307,REAR END,UNABLE TO DETERMINE
308,SIDESWIPE SAME DIRECTION,IMPROPER OVERTAKING/PASSING
309,REAR END,FOLLOWING TOO CLOSELY
310,SIDESWIPE SAME DIRECTION,UNABLE TO DETERMINE
311,SIDESWIPE SAME DIRECTION,IMPROPER OVERTAKING/PASSING
312,TURNING,NOT APPLICABLE
313,REAR END,UNABLE TO DETERMINE
314,PEDALCYCLIST,DISREGARDING TRAFFIC SIGNALS
315,PARKED MOTOR VEHICLE,NOT APPLICABLE
316,SIDESWIPE SAME DIRECTION,FAILING TO YIELD RIGHT-OF-WAY
317,PARKED MOTOR VEHICLE,UNABLE TO DETERMINE
318,OTHER OBJECT,ROAD CONSTRUCTION/MAINTENANCE
319,REAR END,UNABLE TO DETERMINE
320,SIDESWIPE SAME DIRECTION,IMPROPER OVERTAKING/PASSING
321,SIDESWIPE OPPOSITE DIRECTION,UNABLE TO DETERMINE
322,PARKED MOTOR VEHICLE,UNABLE TO DETERMINE
323,REAR END,FOLLOWING TOO CLOSELY
324,SIDESWIPE SAME DIRECTION,FAILING TO YIELD RIGHT-OF-WAY
325,HEAD ON,NOT APPLICABLE
326,REAR END,FAILING TO REDUCE SPEED TO AVOID CRASH
327,SIDESWIPE SAME DIRECTION,UNABLE TO DETERMINE
328,PARKED MOTOR VEHICLE,FAILING TO YIELD RIGHT-OF-WAY
329,ANGLE,FAILING TO YIELD RIGHT-OF-WAY
330,FIXED OBJECT,UNABLE TO DETERMINE
331,SIDESWIPE SAME DIRECTION,IMPROPER LANE USAGE
332,REAR END,FOLLOWING TOO CLOSELY
333,PARKED MOTOR VEHICLE,UNABLE TO DETERMINE
334,SIDESWIPE SAME DIRECTION,IMPROPER LANE USAGE
335,PARKED MOTOR VEHICLE,DRIVING SKILLS/KNOWLEDGE/EXPERIENCE
336,ANGLE,FAILING TO YIELD RIGHT-OF-WAY
337,TURNING,UNABLE TO DETERMINE
338,ANGLE,UNABLE TO DETERMINE
339,SIDESWIPE SAME DIRECTION,UNABLE TO DETERMINE
340,REAR TO SIDE,FAILING TO YIELD RIGHT-OF-WAY
341,PEDALCYCLIST,FAILING TO YIELD RIGHT-OF-WAY
342,SIDESWIPE SAME DIRECTION,IMPROPER TURNING/NO SIGNAL
343,TURNING,UNABLE TO DETERMINE
344,REAR END,UNABLE TO DETERMINE
345,ANGLE,FAILING TO YIELD RIGHT-OF-WAY
346,SIDESWIPE SAME DIRECTION,UNABLE TO DETERMINE
347,TURNING,IMPROPER TURNING/NO SIGNAL
348,PARKED MOTOR VEHICLE,UNABLE TO DETERMINE
349,SIDESWIPE SAME DIRECTION,IMPROPER OVERTAKING/PASSING
350,REAR END,FOLLOWING TOO CLOSELY
351,REAR END,FOLLOWING TOO CLOSELY
352,TURNING,IMPROPER TURNING/NO SIGNAL
353,SIDESWIPE SAME DIRECTION,IMPROPER LANE USAGE
354,PARKED MOTOR VEHICLE,UNABLE TO DETERMINE
355,REAR END,UNABLE TO DETERMINE
356,SIDESWIPE SAME DIRECTION,NOT APPLICABLE
357,PARKED MOTOR VEHICLE,UNABLE TO DETERMINE
358,TURNING,NOT APPLICABLE
359,REAR END,FOLLOWING TOO CLOSELY
360,PARKED MOTOR VEHICLE,UNABLE TO DETERMINE
361,SIDESWIPE SAME DIRECTION,UNABLE TO DETERMINE
362,REAR END,UNABLE TO DETERMINE
363,REAR END,FOLLOWING TOO CLOSELY
364,TURNING,FAILING TO YIELD RIGHT-OF-WAY
365,HEAD ON,FAILING TO REDUCE SPEED TO AVOID CRASH
366,ANGLE,DRIVING SKILLS/KNOWLEDGE/EXPERIENCE
367,FIXED OBJECT,ROAD ENGINEERING/SURFACE/MARKING DEFECTS
368,SIDESWIPE SAME DIRECTION,UNABLE TO DETERMINE
369,TURNING,DRIVING SKILLS/KNOWLEDGE/EXPERIENCE
370,REAR END,IMPROPER BACKING
371,SIDESWIPE SAME DIRECTION,IMPROPER OVERTAKING/PASSING
372,PARKED MOTOR VEHICLE,UNABLE TO DETERMINE
373,REAR END,FAILING TO REDUCE SPEED TO AVOID CRASH
374,SIDESWIPE SAME DIRECTION,FAILING TO YIELD RIGHT-OF-WAY
375,PEDALCYCLIST,FAILING TO YIELD RIGHT-OF-WAY
376,SIDESWIPE SAME DIRECTION,IMPROPER LANE USAGE
377,PEDESTRIAN,NOT APPLICABLE
378,TURNING,IMPROPER TURNING/NO SIGNAL
379,OTHER OBJECT,UNABLE TO DETERMINE
380,FIXED OBJECT,UNDER THE INFLUENCE OF ALCOHOL/DRUGS (USE WHEN ARREST IS EFFECTED)
381,PARKED MOTOR VEHICLE,UNABLE TO DETERMINE
382,SIDESWIPE SAME DIRECTION,IMPROPER LANE USAGE
383,PEDESTRIAN,FAILING TO YIELD RIGHT-OF-WAY
384,REAR END,FOLLOWING TOO CLOSELY
385,REAR END,FOLLOWING TOO CLOSELY
386,SIDESWIPE SAME DIRECTION,FAILING TO YIELD RIGHT-OF-WAY
387,SIDESWIPE OPPOSITE DIRECTION,IMPROPER BACKING
388,SIDESWIPE SAME DIRECTION,IMPROPER OVERTAKING/PASSING
389,SIDESWIPE SAME DIRECTION,IMPROPER OVERTAKING/PASSING
390,OTHER OBJECT,WEATHER
391,ANGLE,FAILING TO YIELD RIGHT-OF-WAY
392,SIDESWIPE SAME DIRECTION,FAILING TO YIELD RIGHT-OF-WAY
393,REAR END,FOLLOWING TOO CLOSELY
394,TURNING,FAILING TO YIELD RIGHT-OF-WAY
395,TURNING,UNDER THE INFLUENCE OF ALCOHOL/DRUGS (USE WHEN ARREST IS EFFECTED)
396,PEDALCYCLIST,UNABLE TO DETERMINE
397,REAR END,FAILING TO REDUCE SPEED TO AVOID CRASH
398,SIDESWIPE SAME DIRECTION,UNABLE TO DETERMINE
399,TURNING,FAILING TO YIELD RIGHT-OF-WAY
400,PARKED MOTOR VEHICLE,"OPERATING VEHICLE IN ERRATIC, RECKLESS, CARELESS, NEGLIGENT OR AGGRESSIVE MANNER"
401,TURNING,FAILING TO YIELD RIGHT-OF-WAY
402,TURNING,FAILING TO YIELD RIGHT-OF-WAY
403,PARKED MOTOR VEHICLE,IMPROPER BACKING
404,REAR END,FOLLOWING TOO CLOSELY
405,ANGLE,IMPROPER OVERTAKING/PASSING
406,PARKED MOTOR VEHICLE,NOT APPLICABLE
407,SIDESWIPE SAME DIRECTION,UNABLE TO DETERMINE
408,SIDESWIPE SAME DIRECTION,UNABLE TO DETERMINE
409,SIDESWIPE SAME DIRECTION,UNABLE TO DETERMINE
410,PARKED MOTOR VEHICLE,UNABLE TO DETERMINE
411,PARKED MOTOR VEHICLE,UNABLE TO DETERMINE
412,TURNING,IMPROPER TURNING/NO SIGNAL
413,REAR END,FOLLOWING TOO CLOSELY
414,TURNING,FAILING TO YIELD RIGHT-OF-WAY
415,PARKED MOTOR VEHICLE,UNABLE TO DETERMINE
416,SIDESWIPE SAME DIRECTION,IMPROPER LANE USAGE
417,ANGLE,FAILING TO YIELD RIGHT-OF-WAY
418,SIDESWIPE SAME DIRECTION,IMPROPER LANE USAGE
419,PARKED MOTOR VEHICLE,IMPROPER BACKING
420,REAR END,UNABLE TO DETERMINE
421,REAR END,FAILING TO REDUCE SPEED TO AVOID CRASH
422,SIDESWIPE SAME DIRECTION,IMPROPER OVERTAKING/PASSING
423,REAR END,FOLLOWING TOO CLOSELY
424,SIDESWIPE OPPOSITE DIRECTION,UNABLE TO DETERMINE
425,REAR END,FAILING TO REDUCE SPEED TO AVOID CRASH
426,TURNING,FOLLOWING TOO CLOSELY
427,PARKED MOTOR VEHICLE,EXCEEDING AUTHORIZED SPEED LIMIT
428,TURNING,UNABLE TO DETERMINE
429,REAR END,FOLLOWING TOO CLOSELY
430,PARKED MOTOR VEHICLE,DISTRACTION - FROM OUTSIDE VEHICLE
431,ANGLE,IMPROPER BACKING
432,SIDESWIPE SAME DIRECTION,DISREGARDING TRAFFIC SIGNALS
433,PARKED MOTOR VEHICLE,IMPROPER BACKING
434,REAR END,FAILING TO REDUCE SPEED TO AVOID CRASH
435,PEDALCYCLIST,DISREGARDING TRAFFIC SIGNALS
436,REAR END,IMPROPER BACKING
437,TURNING,FAILING TO YIELD RIGHT-OF-WAY
438,SIDESWIPE SAME DIRECTION,UNABLE TO DETERMINE
439,PARKED MOTOR VEHICLE,UNABLE TO DETERMINE
440,ANGLE,FAILING TO YIELD RIGHT-OF-WAY
441,PARKED MOTOR VEHICLE,UNABLE TO DETERMINE
442,ANGLE,FAILING TO YIELD RIGHT-OF-WAY
443,SIDESWIPE SAME DIRECTION,UNABLE TO DETERMINE
444,PARKED MOTOR VEHICLE,NOT APPLICABLE
445,REAR END,FOLLOWING TOO CLOSELY
446,PARKED MOTOR VEHICLE,UNABLE TO DETERMINE
447,REAR END,NOT APPLICABLE
448,REAR END,UNABLE TO DETERMINE
449,PARKED MOTOR VEHICLE,UNABLE TO DETERMINE
450,REAR END,FOLLOWING TOO CLOSELY
451,FIXED OBJECT,UNABLE TO DETERMINE
452,REAR END,FAILING TO REDUCE SPEED TO AVOID CRASH
453,TURNING,UNABLE TO DETERMINE
454,REAR END,UNABLE TO DETERMINE
455,PARKED MOTOR VEHICLE,UNABLE TO DETERMINE
456,PARKED MOTOR VEHICLE,UNABLE TO DETERMINE
457,PARKED MOTOR VEHICLE,EQUIPMENT - VEHICLE CONDITION
458,REAR END,EXCEEDING SAFE SPEED FOR CONDITIONS
459,SIDESWIPE SAME DIRECTION,UNABLE TO DETERMINE
460,PARKED MOTOR VEHICLE,NOT APPLICABLE
461,PARKED MOTOR VEHICLE,UNABLE TO DETERMINE
462,PEDALCYCLIST,UNABLE TO DETERMINE
463,REAR END,UNABLE TO DETERMINE
464,TURNING,UNABLE TO DETERMINE
465,TURNING,DISREGARDING TRAFFIC SIGNALS
466,FIXED OBJECT,NOT APPLICABLE
467,ANGLE,FAILING TO YIELD RIGHT-OF-WAY
468,SIDESWIPE SAME DIRECTION,UNABLE TO DETERMINE
469,REAR END,FAILING TO REDUCE SPEED TO AVOID CRASH
470,TURNING,FAILING TO YIELD RIGHT-OF-WAY
471,REAR TO FRONT,IMPROPER BACKING
472,FIXED OBJECT,UNABLE TO DETERMINE
473,SIDESWIPE OPPOSITE DIRECTION,UNABLE TO DETERMINE
474,PARKED MOTOR VEHICLE,UNABLE TO DETERMINE
475,SIDESWIPE SAME DIRECTION,IMPROPER LANE USAGE
476,ANGLE,FAILING TO YIELD RIGHT-OF-WAY
477,REAR END,FAILING TO REDUCE SPEED TO AVOID CRASH
478,PARKED MOTOR VEHICLE,UNABLE TO DETERMINE
479,REAR END,FAILING TO REDUCE SPEED TO AVOID CRASH
480,SIDESWIPE SAME DIRECTION,FAILING TO YIELD RIGHT-OF-WAY
481,ANGLE,FAILING TO YIELD RIGHT-OF-WAY
482,REAR END,NOT APPLICABLE
483,PARKED MOTOR VEHICLE,UNABLE TO DETERMINE
484,REAR END,FOLLOWING TOO CLOSELY
485,PARKED MOTOR VEHICLE,UNABLE TO DETERMINE
486,ANGLE,FAILING TO YIELD RIGHT-OF-WAY
487,PARKED MOTOR VEHICLE,FOLLOWING TOO CLOSELY
488,PEDESTRIAN,UNABLE TO DETERMINE
489,TURNING,IMPROPER LANE USAGE
490,TURNING,DISREGARDING TRAFFIC SIGNALS
491,ANGLE,FAILING TO YIELD RIGHT-OF-WAY
492,ANGLE,FAILING TO YIELD RIGHT-OF-WAY
493,REAR END,UNABLE TO DETERMINE
494,TURNING,DISREGARDING STOP SIGN
495,SIDESWIPE SAME DIRECTION,FAILING TO YIELD RIGHT-OF-WAY
496,REAR END,FOLLOWING TOO CLOSELY
497,REAR END,FAILING TO REDUCE SPEED TO AVOID CRASH
498,SIDESWIPE SAME DIRECTION,UNABLE TO DETERMINE
499,REAR END,FOLLOWING TOO CLOSELY
500,PARKED MOTOR VEHICLE,UNABLE TO DETERMINE
501,ANGLE,FAILING TO YIELD RIGHT-OF-WAY
502,SIDESWIPE SAME DIRECTION,IMPROPER OVERTAKING/PASSING
503,SIDESWIPE SAME DIRECTION,UNABLE TO DETERMINE
504,PARKED MOTOR VEHICLE,UNABLE TO DETERMINE
505,PARKED MOTOR VEHICLE,UNABLE TO DETERMINE
506,REAR END,FOLLOWING TOO CLOSELY
507,SIDESWIPE SAME DIRECTION,IMPROPER OVERTAKING/PASSING
508,PARKED MOTOR VEHICLE,UNABLE TO DETERMINE
509,TURNING,DISREGARDING TRAFFIC SIGNALS
510,PARKED MOTOR VEHICLE,UNABLE TO DETERMINE
511,PARKED MOTOR VEHICLE,UNABLE TO DETERMINE
512,FIXED OBJECT,UNABLE TO DETERMINE
513,ANGLE,UNABLE TO DETERMINE
514,PARKED MOTOR VEHICLE,IMPROPER TURNING/NO SIGNAL
515,PARKED MOTOR VEHICLE,NOT APPLICABLE
516,SIDESWIPE SAME DIRECTION,IMPROPER TURNING/NO SIGNAL
517,PARKED MOTOR VEHICLE,DRIVING SKILLS/KNOWLEDGE/EXPERIENCE
518,REAR END,NOT APPLICABLE
519,PARKED MOTOR VEHICLE,UNABLE TO DETERMINE
520,REAR END,UNABLE TO DETERMINE
521,REAR END,PHYSICAL CONDITION OF DRIVER
522,SIDESWIPE SAME DIRECTION,UNABLE TO DETERMINE
523,TURNING,FAILING TO YIELD RIGHT-OF-WAY
524,TURNING,FAILING TO YIELD RIGHT-OF-WAY
525,REAR END,FOLLOWING TOO CLOSELY
526,TURNING,DRIVING SKILLS/KNOWLEDGE/EXPERIENCE
527,SIDESWIPE SAME DIRECTION,NOT APPLICABLE
528,ANGLE,FAILING TO YIELD RIGHT-OF-WAY
529,PEDESTRIAN,FAILING TO YIELD RIGHT-OF-WAY
530,SIDESWIPE SAME DIRECTION,FAILING TO YIELD RIGHT-OF-WAY
531,REAR END,FOLLOWING TOO CLOSELY
532,SIDESWIPE SAME DIRECTION,IMPROPER OVERTAKING/PASSING
533,SIDESWIPE SAME DIRECTION,UNABLE TO DETERMINE
534,SIDESWIPE SAME DIRECTION,IMPROPER LANE USAGE
535,ANGLE,FAILING TO YIELD RIGHT-OF-WAY
536,REAR END,FAILING TO REDUCE SPEED TO AVOID CRASH
537,TURNING,FAILING TO YIELD RIGHT-OF-WAY
538,TURNING,UNABLE TO DETERMINE
539,PARKED MOTOR VEHICLE,UNABLE TO DETERMINE
540,PARKED MOTOR VEHICLE,UNABLE TO DETERMINE
541,PARKED MOTOR VEHICLE,FAILING TO REDUCE SPEED TO AVOID CRASH
542,ANGLE,IMPROPER BACKING
543,TURNING,FAILING TO YIELD RIGHT-OF-WAY
544,SIDESWIPE SAME DIRECTION,FAILING TO YIELD RIGHT-OF-WAY
545,SIDESWIPE SAME DIRECTION,FAILING TO YIELD RIGHT-OF-WAY
546,TURNING,FAILING TO YIELD RIGHT-OF-WAY
547,PARKED MOTOR VEHICLE,UNABLE TO DETERMINE
548,SIDESWIPE SAME DIRECTION,IMPROPER BACKING
549,PARKED MOTOR VEHICLE,UNABLE TO DETERMINE
550,PARKED MOTOR VEHICLE,FOLLOWING TOO CLOSELY
551,REAR END,FAILING TO REDUCE SPEED TO AVOID CRASH
552,PARKED MOTOR VEHICLE,UNABLE TO DETERMINE
553,ANGLE,DISREGARDING TRAFFIC SIGNALS
554,SIDESWIPE SAME DIRECTION,FAILING TO YIELD RIGHT-OF-WAY
555,SIDESWIPE SAME DIRECTION,UNABLE TO DETERMINE
556,SIDESWIPE SAME DIRECTION,FAILING TO YIELD RIGHT-OF-WAY
557,PARKED MOTOR VEHICLE,DRIVING SKILLS/KNOWLEDGE/EXPERIENCE
558,SIDESWIPE SAME DIRECTION,IMPROPER OVERTAKING/PASSING
559,PARKED MOTOR VEHICLE,IMPROPER BACKING
560,SIDESWIPE SAME DIRECTION,FAILING TO YIELD RIGHT-OF-WAY
561,TURNING,FAILING TO YIELD RIGHT-OF-WAY
562,PARKED MOTOR VEHICLE,NOT APPLICABLE
563,PARKED MOTOR VEHICLE,IMPROPER BACKING
564,REAR TO SIDE,IMPROPER BACKING
565,SIDESWIPE SAME DIRECTION,UNABLE TO DETERMINE
566,SIDESWIPE SAME DIRECTION,IMPROPER LANE USAGE
567,PARKED MOTOR VEHICLE,UNABLE TO DETERMINE
568,REAR END,DRIVING SKILLS/KNOWLEDGE/EXPERIENCE
569,REAR END,FOLLOWING TOO CLOSELY
570,REAR END,FOLLOWING TOO CLOSELY
571,PARKED MOTOR VEHICLE,DRIVING SKILLS/KNOWLEDGE/EXPERIENCE
572,ANGLE,FAILING TO YIELD RIGHT-OF-WAY
573,PARKED MOTOR VEHICLE,DRIVING SKILLS/KNOWLEDGE/EXPERIENCE
574,PARKED MOTOR VEHICLE,UNABLE TO DETERMINE
575,REAR END,UNABLE TO DETERMINE
576,TURNING,UNABLE TO DETERMINE
577,REAR END,FOLLOWING TOO CLOSELY
578,SIDESWIPE SAME DIRECTION,FAILING TO YIELD RIGHT-OF-WAY
579,SIDESWIPE SAME DIRECTION,UNABLE TO DETERMINE
580,FIXED OBJECT,UNABLE TO DETERMINE
581,REAR END,FOLLOWING TOO CLOSELY
582,PARKED MOTOR VEHICLE,UNABLE TO DETERMINE
583,REAR END,FAILING TO REDUCE SPEED TO AVOID CRASH
584,ANGLE,FAILING TO REDUCE SPEED TO AVOID CRASH
585,FIXED OBJECT,WEATHER
586,PARKED MOTOR VEHICLE,UNABLE TO DETERMINE
587,TURNING,IMPROPER TURNING/NO SIGNAL
588,SIDESWIPE SAME DIRECTION,IMPROPER OVERTAKING/PASSING
589,SIDESWIPE SAME DIRECTION,FAILING TO YIELD RIGHT-OF-WAY
590,PEDALCYCLIST,UNABLE TO DETERMINE
591,ANGLE,FAILING TO YIELD RIGHT-OF-WAY
592,SIDESWIPE SAME DIRECTION,IMPROPER OVERTAKING/PASSING
593,PARKED MOTOR VEHICLE,UNABLE TO DETERMINE
594,REAR END,FOLLOWING TOO CLOSELY
595,PARKED MOTOR VEHICLE,NOT APPLICABLE
596,REAR END,EQUIPMENT - VEHICLE CONDITION
597,PARKED MOTOR VEHICLE,UNABLE TO DETERMINE
598,SIDESWIPE SAME DIRECTION,IMPROPER LANE USAGE
599,REAR TO FRONT,IMPROPER BACKING
600,REAR END,FOLLOWING TOO CLOSELY
601,TURNING,FAILING TO YIELD RIGHT-OF-WAY
602,REAR END,UNABLE TO DETERMINE
603,ANGLE,FAILING TO YIELD RIGHT-OF-WAY
604,REAR END,FOLLOWING TOO CLOSELY
605,REAR END,DISTRACTION - FROM INSIDE VEHICLE
606,PARKED MOTOR VEHICLE,FOLLOWING TOO CLOSELY
607,PARKED MOTOR VEHICLE,UNABLE TO DETERMINE
608,OTHER OBJECT,NOT APPLICABLE
609,PARKED MOTOR VEHICLE,UNABLE TO DETERMINE
610,TURNING,FOLLOWING TOO CLOSELY
611,REAR END,FOLLOWING TOO CLOSELY
612,REAR END,UNABLE TO DETERMINE
613,TURNING,FAILING TO YIELD RIGHT-OF-WAY
614,FIXED OBJECT,"VISION OBSCURED (SIGNS, TREE LIMBS, BUILDINGS, ETC.)"
615,TURNING,DISREGARDING STOP SIGN
616,FIXED OBJECT,UNABLE TO DETERMINE
617,SIDESWIPE OPPOSITE DIRECTION,DISREGARDING TRAFFIC SIGNALS
618,REAR END,UNABLE TO DETERMINE
619,PARKED MOTOR VEHICLE,NOT APPLICABLE
620,TURNING,FAILING TO YIELD RIGHT-OF-WAY
621,ANGLE,FAILING TO YIELD RIGHT-OF-WAY
622,FIXED OBJECT,UNABLE TO DETERMINE
623,TURNING,UNABLE TO DETERMINE
624,SIDESWIPE SAME DIRECTION,FAILING TO YIELD RIGHT-OF-WAY
625,REAR END,UNABLE TO DETERMINE
626,REAR END,WEATHER
627,OTHER OBJECT,ROAD CONSTRUCTION/MAINTENANCE
628,FIXED OBJECT,"OPERATING VEHICLE IN ERRATIC, RECKLESS, CARELESS, NEGLIGENT OR AGGRESSIVE MANNER"
629,PARKED MOTOR VEHICLE,NOT APPLICABLE
630,REAR END,DRIVING SKILLS/KNOWLEDGE/EXPERIENCE
631,SIDESWIPE SAME DIRECTION,IMPROPER OVERTAKING/PASSING
632,FIXED OBJECT,UNABLE TO DETERMINE
633,REAR END,DISTRACTION - FROM INSIDE VEHICLE
634,SIDESWIPE SAME DIRECTION,UNABLE TO DETERMINE
635,PEDESTRIAN,UNABLE TO DETERMINE
636,SIDESWIPE SAME DIRECTION,UNABLE TO DETERMINE
637,SIDESWIPE SAME DIRECTION,UNABLE TO DETERMINE
638,REAR END,UNABLE TO DETERMINE
639,ANGLE,FAILING TO YIELD RIGHT-OF-WAY
640,TURNING,FAILING TO YIELD RIGHT-OF-WAY
641,TURNING,FAILING TO YIELD RIGHT-OF-WAY
642,REAR END,FOLLOWING TOO CLOSELY
643,SIDESWIPE OPPOSITE DIRECTION,UNABLE TO DETERMINE
644,REAR END,UNABLE TO DETERMINE
645,PARKED MOTOR VEHICLE,IMPROPER OVERTAKING/PASSING
646,SIDESWIPE SAME DIRECTION,DRIVING SKILLS/KNOWLEDGE/EXPERIENCE
647,FIXED OBJECT,IMPROPER TURNING/NO SIGNAL
648,SIDESWIPE SAME DIRECTION,NOT APPLICABLE
649,TURNING,FAILING TO YIELD RIGHT-OF-WAY
650,SIDESWIPE SAME DIRECTION,UNABLE TO DETERMINE
651,PARKED MOTOR VEHICLE,UNABLE TO DETERMINE
652,TURNING,UNABLE TO DETERMINE
653,PARKED MOTOR VEHICLE,UNABLE TO DETERMINE
654,REAR END,FOLLOWING TOO CLOSELY
655,PARKED MOTOR VEHICLE,NOT APPLICABLE
656,PARKED MOTOR VEHICLE,UNABLE TO DETERMINE
657,PARKED MOTOR VEHICLE,UNABLE TO DETERMINE
658,REAR END,FAILING TO REDUCE SPEED TO AVOID CRASH
659,REAR END,NOT APPLICABLE
660,TURNING,FAILING TO YIELD RIGHT-OF-WAY
661,TURNING,UNABLE TO DETERMINE
662,REAR END,FOLLOWING TOO CLOSELY
663,REAR END,DRIVING SKILLS/KNOWLEDGE/EXPERIENCE
664,REAR END,FAILING TO REDUCE SPEED TO AVOID CRASH
665,OTHER OBJECT,WEATHER
666,SIDESWIPE SAME DIRECTION,IMPROPER LANE USAGE
667,FIXED OBJECT,NOT APPLICABLE
668,REAR END,FOLLOWING TOO CLOSELY
669,REAR END,FOLLOWING TOO CLOSELY
670,ANGLE,UNABLE TO DETERMINE
671,PARKED MOTOR VEHICLE,UNABLE TO DETERMINE
672,ANGLE,FAILING TO YIELD RIGHT-OF-WAY
673,FIXED OBJECT,WEATHER
674,PARKED MOTOR VEHICLE,UNABLE TO DETERMINE
675,PARKED MOTOR VEHICLE,FAILING TO YIELD RIGHT-OF-WAY
676,PEDESTRIAN,UNABLE TO DETERMINE
677,ANGLE,FAILING TO YIELD RIGHT-OF-WAY
678,TURNING,UNABLE TO DETERMINE
679,TURNING,IMPROPER TURNING/NO SIGNAL
680,TURNING,UNABLE TO DETERMINE
681,PARKED MOTOR VEHICLE,DRIVING SKILLS/KNOWLEDGE/EXPERIENCE
682,TURNING,UNABLE TO DETERMINE
683,REAR END,FOLLOWING TOO CLOSELY
684,REAR TO FRONT,UNABLE TO DETERMINE
685,REAR END,FOLLOWING TOO CLOSELY
686,ANGLE,DISREGARDING STOP SIGN
687,TURNING,FAILING TO YIELD RIGHT-OF-WAY
688,REAR END,UNABLE TO DETERMINE
689,REAR END,UNABLE TO DETERMINE
690,PARKED MOTOR VEHICLE,IMPROPER BACKING
691,SIDESWIPE SAME DIRECTION,UNABLE TO DETERMINE
692,HEAD ON,DRIVING SKILLS/KNOWLEDGE/EXPERIENCE
693,TURNING,IMPROPER OVERTAKING/PASSING
694,PARKED MOTOR VEHICLE,UNABLE TO DETERMINE
695,PARKED MOTOR VEHICLE,UNABLE TO DETERMINE
696,SIDESWIPE SAME DIRECTION,"EVASIVE ACTION DUE TO ANIMAL, OBJECT, NONMOTORIST"
697,PARKED MOTOR VEHICLE,IMPROPER BACKING
698,ANGLE,IMPROPER LANE USAGE
699,TURNING,IMPROPER TURNING/NO SIGNAL
700,SIDESWIPE SAME DIRECTION,FAILING TO YIELD RIGHT-OF-WAY
701,PARKED MOTOR VEHICLE,IMPROPER BACKING
702,SIDESWIPE SAME DIRECTION,UNABLE TO DETERMINE
703,ANGLE,UNABLE TO DETERMINE
704,SIDESWIPE SAME DIRECTION,FAILING TO YIELD RIGHT-OF-WAY
705,PARKED MOTOR VEHICLE,UNABLE TO DETERMINE
706,TURNING,IMPROPER TURNING/NO SIGNAL
707,PARKED MOTOR VEHICLE,FAILING TO REDUCE SPEED TO AVOID CRASH
708,PARKED MOTOR VEHICLE,DISTRACTION - FROM OUTSIDE VEHICLE
709,ANGLE,UNABLE TO DETERMINE
710,REAR END,IMPROPER BACKING
711,FIXED OBJECT,UNABLE TO DETERMINE
712,REAR END,NOT APPLICABLE
713,REAR TO REAR,UNABLE TO DETERMINE
714,TURNING,UNABLE TO DETERMINE
715,TURNING,FAILING TO REDUCE SPEED TO AVOID CRASH
716,TURNING,IMPROPER TURNING/NO SIGNAL
717,ANGLE,UNABLE TO DETERMINE
718,SIDESWIPE SAME DIRECTION,IMPROPER OVERTAKING/PASSING
719,PARKED MOTOR VEHICLE,UNABLE TO DETERMINE
720,SIDESWIPE SAME DIRECTION,UNABLE TO DETERMINE
721,REAR END,FAILING TO REDUCE SPEED TO AVOID CRASH
722,ANGLE,FAILING TO YIELD RIGHT-OF-WAY
723,PARKED MOTOR VEHICLE,WEATHER
724,PARKED MOTOR VEHICLE,UNABLE TO DETERMINE
725,SIDESWIPE SAME DIRECTION,DRIVING ON WRONG SIDE/WRONG WAY
726,PARKED MOTOR VEHICLE,DRIVING SKILLS/KNOWLEDGE/EXPERIENCE
727,PARKED MOTOR VEHICLE,PHYSICAL CONDITION OF DRIVER
728,REAR END,FAILING TO REDUCE SPEED TO AVOID CRASH
729,SIDESWIPE SAME DIRECTION,NOT APPLICABLE
730,PARKED MOTOR VEHICLE,NOT APPLICABLE
731,SIDESWIPE SAME DIRECTION,UNABLE TO DETERMINE
732,PARKED MOTOR VEHICLE,IMPROPER OVERTAKING/PASSING
733,ANGLE,UNABLE TO DETERMINE
734,TURNING,DISREGARDING YIELD SIGN
735,PARKED MOTOR VEHICLE,UNABLE TO DETERMINE
736,TURNING,IMPROPER TURNING/NO SIGNAL
737,SIDESWIPE SAME DIRECTION,FAILING TO YIELD RIGHT-OF-WAY
738,ANGLE,IMPROPER LANE USAGE
739,OTHER OBJECT,UNABLE TO DETERMINE
740,REAR END,NOT APPLICABLE
741,REAR END,NOT APPLICABLE
742,PEDESTRIAN,UNABLE TO DETERMINE
743,ANGLE,IMPROPER BACKING
744,TURNING,IMPROPER OVERTAKING/PASSING
745,PARKED MOTOR VEHICLE,UNABLE TO DETERMINE
746,PARKED MOTOR VEHICLE,UNABLE TO DETERMINE
747,FIXED OBJECT,UNABLE TO DETERMINE
748,FIXED OBJECT,UNABLE TO DETERMINE
749,REAR END,FAILING TO REDUCE SPEED TO AVOID CRASH
750,TURNING,UNABLE TO DETERMINE
751,PARKED MOTOR VEHICLE,UNABLE TO DETERMINE
752,PARKED MOTOR VEHICLE,UNABLE TO DETERMINE
753,TURNING,IMPROPER TURNING/NO SIGNAL
754,PARKED MOTOR VEHICLE,UNABLE TO DETERMINE
755,PARKED MOTOR VEHICLE,UNABLE TO DETERMINE
756,PARKED MOTOR VEHICLE,FOLLOWING TOO CLOSELY
757,PARKED MOTOR VEHICLE,IMPROPER LANE USAGE
758,ANGLE,UNABLE TO DETERMINE
759,REAR END,FOLLOWING TOO CLOSELY
760,PEDESTRIAN,DISREGARDING STOP SIGN
761,PARKED MOTOR VEHICLE,UNABLE TO DETERMINE
762,SIDESWIPE SAME DIRECTION,UNABLE TO DETERMINE
763,PARKED MOTOR VEHICLE,UNABLE TO DETERMINE
764,ANGLE,DISREGARDING TRAFFIC SIGNALS
765,FIXED OBJECT,NOT APPLICABLE
766,PARKED MOTOR VEHICLE,UNABLE TO DETERMINE
767,PARKED MOTOR VEHICLE,PHYSICAL CONDITION OF DRIVER
768,PARKED MOTOR VEHICLE,UNABLE TO DETERMINE
769,PEDESTRIAN,FAILING TO REDUCE SPEED TO AVOID CRASH
770,REAR END,NOT APPLICABLE
771,PARKED MOTOR VEHICLE,"OPERATING VEHICLE IN ERRATIC, RECKLESS, CARELESS, NEGLIGENT OR AGGRESSIVE MANNER"
772,FIXED OBJECT,FAILING TO REDUCE SPEED TO AVOID CRASH
773,FIXED OBJECT,DRIVING SKILLS/KNOWLEDGE/EXPERIENCE
774,REAR END,FOLLOWING TOO CLOSELY
775,REAR END,UNABLE TO DETERMINE
776,SIDESWIPE SAME DIRECTION,IMPROPER TURNING/NO SIGNAL
777,TURNING,FAILING TO REDUCE SPEED TO AVOID CRASH
778,SIDESWIPE SAME DIRECTION,UNABLE TO DETERMINE
779,REAR END,UNABLE TO DETERMINE
780,FIXED OBJECT,WEATHER
781,PARKED MOTOR VEHICLE,FAILING TO REDUCE SPEED TO AVOID CRASH
782,FIXED OBJECT,DRIVING SKILLS/KNOWLEDGE/EXPERIENCE
783,ANGLE,IMPROPER BACKING
784,REAR END,UNABLE TO DETERMINE
785,PARKED MOTOR VEHICLE,UNABLE TO DETERMINE
786,PARKED MOTOR VEHICLE,PHYSICAL CONDITION OF DRIVER
787,ANGLE,FAILING TO YIELD RIGHT-OF-WAY
788,ANGLE,DISREGARDING TRAFFIC SIGNALS
789,TURNING,FAILING TO YIELD RIGHT-OF-WAY
790,PARKED MOTOR VEHICLE,UNABLE TO DETERMINE
791,REAR END,DISTRACTION - FROM INSIDE VEHICLE
792,TURNING,IMPROPER LANE USAGE
793,SIDESWIPE SAME DIRECTION,UNABLE TO DETERMINE
794,PARKED MOTOR VEHICLE,UNABLE TO DETERMINE
795,FIXED OBJECT,FAILING TO REDUCE SPEED TO AVOID CRASH
796,OTHER OBJECT,UNABLE TO DETERMINE
797,ANGLE,FAILING TO YIELD RIGHT-OF-WAY
798,ANGLE,FAILING TO YIELD RIGHT-OF-WAY
799,SIDESWIPE SAME DIRECTION,UNABLE TO DETERMINE
800,PARKED MOTOR VEHICLE,NOT APPLICABLE
801,ANGLE,DISREGARDING TRAFFIC SIGNALS
802,PARKED MOTOR VEHICLE,"OPERATING VEHICLE IN ERRATIC, RECKLESS, CARELESS, NEGLIGENT OR AGGRESSIVE MANNER"
803,PARKED MOTOR VEHICLE,PHYSICAL CONDITION OF DRIVER
804,REAR END,UNABLE TO DETERMINE
805,TURNING,IMPROPER TURNING/NO SIGNAL
806,PEDALCYCLIST,FOLLOWING TOO CLOSELY
807,PARKED MOTOR VEHICLE,UNABLE TO DETERMINE
808,PARKED MOTOR VEHICLE,EQUIPMENT - VEHICLE CONDITION
809,SIDESWIPE SAME DIRECTION,IMPROPER OVERTAKING/PASSING
810,ANGLE,DISREGARDING TRAFFIC SIGNALS
811,FIXED OBJECT,UNABLE TO DETERMINE
812,ANGLE,FAILING TO YIELD RIGHT-OF-WAY
813,SIDESWIPE SAME DIRECTION,IMPROPER OVERTAKING/PASSING
814,PARKED MOTOR VEHICLE,IMPROPER OVERTAKING/PASSING
815,REAR END,FOLLOWING TOO CLOSELY
816,REAR END,FOLLOWING TOO CLOSELY
817,PARKED MOTOR VEHICLE,UNABLE TO DETERMINE
818,TURNING,UNABLE TO DETERMINE
819,ANGLE,FAILING TO YIELD RIGHT-OF-WAY
820,SIDESWIPE SAME DIRECTION,UNABLE TO DETERMINE
821,TURNING,UNABLE TO DETERMINE
822,SIDESWIPE OPPOSITE DIRECTION,UNABLE TO DETERMINE
823,TURNING,DISREGARDING TRAFFIC SIGNALS
824,FIXED OBJECT,UNABLE TO DETERMINE
825,OTHER OBJECT,UNABLE TO DETERMINE
826,PARKED MOTOR VEHICLE,IMPROPER BACKING
827,REAR TO FRONT,UNABLE TO DETERMINE
828,FIXED OBJECT,"EVASIVE ACTION DUE TO ANIMAL, OBJECT, NONMOTORIST"
829,PARKED MOTOR VEHICLE,UNABLE TO DETERMINE
830,PARKED MOTOR VEHICLE,WEATHER
831,ANGLE,IMPROPER BACKING
832,REAR END,FOLLOWING TOO CLOSELY
833,TURNING,IMPROPER TURNING/NO SIGNAL
834,REAR END,HAD BEEN DRINKING (USE WHEN ARREST IS NOT MADE)
835,TURNING,DISREGARDING STOP SIGN
836,SIDESWIPE SAME DIRECTION,UNABLE TO DETERMINE
837,SIDESWIPE SAME DIRECTION,UNABLE TO DETERMINE
838,REAR END,FOLLOWING TOO CLOSELY
839,REAR END,FOLLOWING TOO CLOSELY
840,REAR END,IMPROPER BACKING
841,REAR END,FAILING TO REDUCE SPEED TO AVOID CRASH
842,REAR TO FRONT,DISTRACTION - FROM OUTSIDE VEHICLE
843,SIDESWIPE SAME DIRECTION,IMPROPER LANE USAGE
844,REAR END,UNABLE TO DETERMINE
845,PARKED MOTOR VEHICLE,UNABLE TO DETERMINE
846,REAR END,FOLLOWING TOO CLOSELY
847,REAR END,FOLLOWING TOO CLOSELY
848,REAR END,UNABLE TO DETERMINE
849,PARKED MOTOR VEHICLE,UNABLE TO DETERMINE
850,REAR END,FOLLOWING TOO CLOSELY
851,ANGLE,DISREGARDING TRAFFIC SIGNALS
852,REAR END,WEATHER
853,REAR END,UNABLE TO DETERMINE
854,REAR END,FOLLOWING TOO CLOSELY
855,PARKED MOTOR VEHICLE,UNABLE TO DETERMINE
856,REAR END,FOLLOWING TOO CLOSELY
857,PARKED MOTOR VEHICLE,IMPROPER LANE USAGE
858,OTHER OBJECT,EQUIPMENT - VEHICLE CONDITION
859,TURNING,IMPROPER TURNING/NO SIGNAL
860,REAR END,FOLLOWING TOO CLOSELY
861,REAR END,UNABLE TO DETERMINE
862,SIDESWIPE SAME DIRECTION,UNABLE TO DETERMINE
863,ANGLE,NOT APPLICABLE
864,PARKED MOTOR VEHICLE,DRIVING SKILLS/KNOWLEDGE/EXPERIENCE
865,FIXED OBJECT,IMPROPER TURNING/NO SIGNAL
866,SIDESWIPE SAME DIRECTION,UNABLE TO DETERMINE
867,REAR END,UNABLE TO DETERMINE
868,SIDESWIPE SAME DIRECTION,UNABLE TO DETERMINE
869,PARKED MOTOR VEHICLE,UNABLE TO DETERMINE
870,OTHER OBJECT,UNABLE TO DETERMINE
871,FIXED OBJECT,WEATHER
872,ANGLE,"EVASIVE ACTION DUE TO ANIMAL, OBJECT, NONMOTORIST"
873,SIDESWIPE SAME DIRECTION,UNABLE TO DETERMINE
874,PARKED MOTOR VEHICLE,UNABLE TO DETERMINE
875,OTHER OBJECT,NOT APPLICABLE
876,TURNING,UNABLE TO DETERMINE
877,SIDESWIPE SAME DIRECTION,DRIVING SKILLS/KNOWLEDGE/EXPERIENCE
878,TURNING,FAILING TO YIELD RIGHT-OF-WAY
879,PARKED MOTOR VEHICLE,IMPROPER BACKING
880,TURNING,EXCEEDING SAFE SPEED FOR CONDITIONS
881,ANGLE,UNABLE TO DETERMINE
882,ANGLE,DISREGARDING TRAFFIC SIGNALS
883,PARKED MOTOR VEHICLE,NOT APPLICABLE
884,REAR END,UNABLE TO DETERMINE
885,TURNING,DISREGARDING TRAFFIC SIGNALS
886,REAR END,FOLLOWING TOO CLOSELY
887,PARKED MOTOR VEHICLE,UNABLE TO DETERMINE
888,PARKED MOTOR VEHICLE,DRIVING SKILLS/KNOWLEDGE/EXPERIENCE
889,PARKED MOTOR VEHICLE,UNABLE TO DETERMINE
890,SIDESWIPE SAME DIRECTION,IMPROPER OVERTAKING/PASSING
891,TURNING,FAILING TO YIELD RIGHT-OF-WAY
892,SIDESWIPE SAME DIRECTION,DISREGARDING ROAD MARKINGS
893,SIDESWIPE SAME DIRECTION,FAILING TO YIELD RIGHT-OF-WAY
894,SIDESWIPE SAME DIRECTION,UNABLE TO DETERMINE
895,REAR END,FOLLOWING TOO CLOSELY
896,PARKED MOTOR VEHICLE,NOT APPLICABLE
897,REAR END,FAILING TO REDUCE SPEED TO AVOID CRASH
898,REAR END,EXCEEDING SAFE SPEED FOR CONDITIONS
899,PARKED MOTOR VEHICLE,IMPROPER OVERTAKING/PASSING
900,TURNING,FAILING TO YIELD RIGHT-OF-WAY
901,ANGLE,UNABLE TO DETERMINE
902,PARKED MOTOR VEHICLE,UNABLE TO DETERMINE
903,ANGLE,UNABLE TO DETERMINE
904,REAR END,FOLLOWING TOO CLOSELY
905,REAR END,EQUIPMENT - VEHICLE CONDITION
906,ANGLE,IMPROPER BACKING
907,SIDESWIPE OPPOSITE DIRECTION,FAILING TO REDUCE SPEED TO AVOID CRASH
908,REAR END,FOLLOWING TOO CLOSELY
909,REAR END,FAILING TO REDUCE SPEED TO AVOID CRASH
910,TURNING,IMPROPER OVERTAKING/PASSING
911,SIDESWIPE SAME DIRECTION,FAILING TO YIELD RIGHT-OF-WAY
912,SIDESWIPE SAME DIRECTION,IMPROPER LANE USAGE
913,OTHER OBJECT,"OPERATING VEHICLE IN ERRATIC, RECKLESS, CARELESS, NEGLIGENT OR AGGRESSIVE MANNER"
914,SIDESWIPE SAME DIRECTION,FAILING TO YIELD RIGHT-OF-WAY
915,TURNING,IMPROPER TURNING/NO SIGNAL
916,SIDESWIPE SAME DIRECTION,IMPROPER LANE USAGE
917,TURNING,UNABLE TO DETERMINE
918,REAR END,FOLLOWING TOO CLOSELY
919,SIDESWIPE SAME DIRECTION,IMPROPER LANE USAGE
920,REAR END,FOLLOWING TOO CLOSELY
921,REAR END,WEATHER
922,PARKED MOTOR VEHICLE,"OPERATING VEHICLE IN ERRATIC, RECKLESS, CARELESS, NEGLIGENT OR AGGRESSIVE MANNER"
923,PARKED MOTOR VEHICLE,UNABLE TO DETERMINE
924,SIDESWIPE SAME DIRECTION,FOLLOWING TOO CLOSELY
925,SIDESWIPE SAME DIRECTION,FOLLOWING TOO CLOSELY
926,PARKED MOTOR VEHICLE,UNABLE TO DETERMINE
927,ANGLE,UNABLE TO DETERMINE
928,REAR END,UNABLE TO DETERMINE
929,SIDESWIPE SAME DIRECTION,IMPROPER LANE USAGE
930,TURNING,UNABLE TO DETERMINE
931,FIXED OBJECT,UNABLE TO DETERMINE
932,REAR END,NOT APPLICABLE
933,PARKED MOTOR VEHICLE,NOT APPLICABLE
934,ANGLE,FAILING TO YIELD RIGHT-OF-WAY
935,SIDESWIPE SAME DIRECTION,UNABLE TO DETERMINE
936,REAR END,UNABLE TO DETERMINE
937,SIDESWIPE SAME DIRECTION,FOLLOWING TOO CLOSELY
938,PARKED MOTOR VEHICLE,IMPROPER BACKING
939,ANGLE,IMPROPER BACKING
940,SIDESWIPE SAME DIRECTION,IMPROPER LANE USAGE
941,TURNING,UNABLE TO DETERMINE
942,ANGLE,FAILING TO YIELD RIGHT-OF-WAY
943,PARKED MOTOR VEHICLE,FAILING TO YIELD RIGHT-OF-WAY
944,ANGLE,UNABLE TO DETERMINE
945,SIDESWIPE OPPOSITE DIRECTION,UNABLE TO DETERMINE
946,REAR END,FOLLOWING TOO CLOSELY
947,TURNING,IMPROPER TURNING/NO SIGNAL
948,ANGLE,UNABLE TO DETERMINE
949,TURNING,WEATHER
950,SIDESWIPE SAME DIRECTION,UNABLE TO DETERMINE
951,FIXED OBJECT,UNABLE TO DETERMINE
952,SIDESWIPE SAME DIRECTION,IMPROPER OVERTAKING/PASSING
953,PARKED MOTOR VEHICLE,UNABLE TO DETERMINE
954,PARKED MOTOR VEHICLE,NOT APPLICABLE
955,ANGLE,NOT APPLICABLE
956,SIDESWIPE SAME DIRECTION,IMPROPER OVERTAKING/PASSING
957,PARKED MOTOR VEHICLE,UNABLE TO DETERMINE
958,REAR END,FOLLOWING TOO CLOSELY
959,PARKED MOTOR VEHICLE,UNABLE TO DETERMINE
960,SIDESWIPE SAME DIRECTION,DRIVING SKILLS/KNOWLEDGE/EXPERIENCE
961,TURNING,UNABLE TO DETERMINE
962,TURNING,IMPROPER LANE USAGE
963,REAR TO FRONT,UNABLE TO DETERMINE
964,SIDESWIPE SAME DIRECTION,NOT APPLICABLE
965,OTHER OBJECT,ROAD ENGINEERING/SURFACE/MARKING DEFECTS
966,REAR END,FAILING TO REDUCE SPEED TO AVOID CRASH
967,SIDESWIPE SAME DIRECTION,UNABLE TO DETERMINE
968,PARKED MOTOR VEHICLE,UNABLE TO DETERMINE
969,SIDESWIPE SAME DIRECTION,UNABLE TO DETERMINE
970,SIDESWIPE SAME DIRECTION,UNABLE TO DETERMINE
971,REAR END,UNABLE TO DETERMINE
972,TURNING,IMPROPER OVERTAKING/PASSING
973,REAR END,FOLLOWING TOO CLOSELY
974,PARKED MOTOR VEHICLE,UNABLE TO DETERMINE
975,SIDESWIPE SAME DIRECTION,FAILING TO YIELD RIGHT-OF-WAY
976,PARKED MOTOR VEHICLE,NOT APPLICABLE
977,PARKED MOTOR VEHICLE,UNABLE TO DETERMINE
978,SIDESWIPE SAME DIRECTION,IMPROPER OVERTAKING/PASSING
979,REAR END,FOLLOWING TOO CLOSELY
980,SIDESWIPE SAME DIRECTION,IMPROPER OVERTAKING/PASSING
981,FIXED OBJECT,IMPROPER BACKING
982,TURNING,UNABLE TO DETERMINE
983,ANGLE,FAILING TO YIELD RIGHT-OF-WAY
984,TURNING,IMPROPER OVERTAKING/PASSING
985,PARKED MOTOR VEHICLE,UNABLE TO DETERMINE
986,REAR END,FOLLOWING TOO CLOSELY
987,SIDESWIPE SAME DIRECTION,FAILING TO YIELD RIGHT-OF-WAY
988,REAR END,FOLLOWING TOO CLOSELY
989,PARKED MOTOR VEHICLE,UNABLE TO DETERMINE
990,SIDESWIPE SAME DIRECTION,FAILING TO YIELD RIGHT-OF-WAY
991,SIDESWIPE SAME DIRECTION,UNABLE TO DETERMINE
992,REAR END,UNABLE TO DETERMINE
993,PARKED MOTOR VEHICLE,DISTRACTION - FROM OUTSIDE VEHICLE
994,TURNING,IMPROPER TURNING/NO SIGNAL
995,PARKED MOTOR VEHICLE,UNABLE TO DETERMINE
996,SIDESWIPE SAME DIRECTION,IMPROPER OVERTAKING/PASSING
997,REAR END,FOLLOWING TOO CLOSELY
998,PARKED MOTOR VEHICLE,UNABLE TO DETERMINE
999,ANGLE,UNABLE TO DETERMINE
1000,FIXED OBJECT,UNDER THE INFLUENCE OF ALCOHOL/DRUGS (USE WHEN ARREST IS EFFECTED)
