RoadID,SpeedLimit,TrafficDevice,TrafficType,RoadCondition
1,10,NO CONTROLS,OTHER,DRY
2,45,NO CONTROLS,ONE-WAY,DRY
3,30,NO CONTROLS,ONE-WAY,WET
4,35,STOP SIGN/FLASHER,NOT DIVIDED,DRY
5,30,TRAFFIC SIGNAL,NOT DIVIDED,DRY
6,35,NO CONTROLS,NOT DIVIDED,DRY
7,30,TRAFFIC SIGNAL,NOT DIVIDED,DRY
8,30,TRAFFIC SIGNAL,DIVIDED - W/MEDIAN BARRIER,DRY
9,20,NO CONTROLS,ONE-WAY,DRY
10,25,NO CONTROLS,NOT DIVIDED,WET
11,35,TRAFFIC SIGNAL,NOT DIVIDED,WET
12,30,NO CONTROLS,PARKING LOT,DRY
13,25,NO CONTROLS,ONE-WAY,DRY
14,5,OTHER,DIVIDED - W/MEDIAN BARRIER,DRY
15,30,NO CONTROLS,DIVIDED - W/MEDIAN BARRIER,WET
16,30,STOP SIGN/FLASHER,ONE-WAY,DRY
17,20,TRAFFIC SIGNAL,NOT DIVIDED,DRY
18,30,NO CONTROLS,DIVIDED - W/MEDIAN (NOT RAISED),DRY
19,30,TRAFFIC SIGNAL,DIVIDED - W/MEDIAN (NOT RAISED),WET
20,20,PEDESTRIAN CROSSING SIGN,NOT DIVIDED,DRY
21,30,TRAFFIC SIGNAL,NOT DIVIDED,DRY
22,30,STOP SIGN/FLASHER,NOT DIVIDED,DRY
23,35,TRAFFIC SIGNAL,FOUR WAY,DRY
24,30,OTHER,NOT DIVIDED,DRY
25,30,TRAFFIC SIGNAL,DIVIDED - W/MEDIAN (NOT RAISED),WET
26,30,TRAFFIC SIGNAL,DIVIDED - W/MEDIAN (NOT RAISED),DRY
27,25,TRAFFIC SIGNAL,ONE-WAY,DRY
28,30,TRAFFIC SIGNAL,DIVIDED - W/MEDIAN (NOT RAISED),DRY
29,30,TRAFFIC SIGNAL,NOT DIVIDED,DRY
30,30,NO CONTROLS,NOT DIVIDED,DRY
31,30,TRAFFIC SIGNAL,NOT DIVIDED,DRY
32,30,TRAFFIC SIGNAL,NOT DIVIDED,DRY
33,30,NO CONTROLS,NOT DIVIDED,DRY
34,30,UNKNOWN,NOT DIVIDED,DRY
35,30,OTHER,ONE-WAY,DRY
36,25,NO CONTROLS,NOT DIVIDED,DRY
37,35,NO CONTROLS,DIVIDED - W/MEDIAN BARRIER,WET
38,30,TRAFFIC SIGNAL,NOT DIVIDED,DRY
39,30,NO CONTROLS,DIVIDED - W/MEDIAN BARRIER,WET
40,35,NO CONTROLS,NOT DIVIDED,DRY
41,30,NO CONTROLS,NOT DIVIDED,WET
42,30,NO CONTROLS,NOT DIVIDED,SNOW OR SLUSH
43,30,NO CONTROLS,NOT DIVIDED,DRY
44,30,TRAFFIC SIGNAL,NOT DIVIDED,UNKNOWN
45,35,TRAFFIC SIGNAL,NOT DIVIDED,DRY
46,30,NO CONTROLS,NOT DIVIDED,DRY
47,30,STOP SIGN/FLASHER,DIVIDED - W/MEDIAN (NOT RAISED),DRY
48,30,TRAFFIC SIGNAL,DIVIDED - W/MEDIAN BARRIER,DRY
49,30,TRAFFIC SIGNAL,DIVIDED - W/MEDIAN BARRIER,DRY
50,5,NO CONTROLS,PARKING LOT,DRY
51,30,NO CONTROLS,NOT DIVIDED,DRY
52,20,NO CONTROLS,PARKING LOT,DRY
53,30,NO CONTROLS,DIVIDED - W/MEDIAN (NOT RAISED),SNOW OR SLUSH
54,15,NO CONTROLS,ONE-WAY,DRY
55,30,TRAFFIC SIGNAL,NOT DIVIDED,DRY
56,30,NO CONTROLS,NOT DIVIDED,DRY
57,30,NO CONTROLS,ONE-WAY,DRY
58,30,NO CONTROLS,NOT DIVIDED,DRY
59,25,STOP SIGN/FLASHER,ONE-WAY,DRY
60,30,NO CONTROLS,ONE-WAY,DRY
61,30,TRAFFIC SIGNAL,NOT DIVIDED,DRY
62,30,NO CONTROLS,ONE-WAY,DRY
63,30,TRAFFIC SIGNAL,NOT DIVIDED,DRY
64,30,NO CONTROLS,DIVIDED - W/MEDIAN (NOT RAISED),DRY
65,30,NO CONTROLS,NOT DIVIDED,DRY
66,35,TRAFFIC SIGNAL,DIVIDED - W/MEDIAN (NOT RAISED),UNKNOWN
67,30,NO CONTROLS,DIVIDED - W/MEDIAN (NOT RAISED),DRY
68,30,NO CONTROLS,ONE-WAY,DRY
69,30,TRAFFIC SIGNAL,NOT DIVIDED,DRY
70,0,TRAFFIC SIGNAL,DIVIDED - W/MEDIAN (NOT RAISED),UNKNOWN
71,30,NO CONTROLS,OTHER,DRY
72,30,TRAFFIC SIGNAL,NOT DIVIDED,DRY
73,20,NO CONTROLS,NOT DIVIDED,DRY
74,30,NO CONTROLS,DIVIDED - W/MEDIAN (NOT RAISED),DRY
75,30,TRAFFIC SIGNAL,FOUR WAY,DRY
76,30,UNKNOWN,NOT DIVIDED,UNKNOWN
77,30,NO CONTROLS,NOT DIVIDED,DRY
78,30,NO CONTROLS,PARKING LOT,DRY
79,30,NO CONTROLS,DIVIDED - W/MEDIAN (NOT RAISED),DRY
80,30,TRAFFIC SIGNAL,FOUR WAY,WET
81,30,TRAFFIC SIGNAL,UNKNOWN,DRY
82,30,TRAFFIC SIGNAL,DIVIDED - W/MEDIAN (NOT RAISED),DRY
83,25,TRAFFIC SIGNAL,DIVIDED - W/MEDIAN (NOT RAISED),DRY
84,30,STOP SIGN/FLASHER,NOT DIVIDED,UNKNOWN
85,30,NO CONTROLS,DIVIDED - W/MEDIAN (NOT RAISED),DRY
86,30,TRAFFIC SIGNAL,NOT DIVIDED,WET
87,30,NO CONTROLS,NOT DIVIDED,UNKNOWN
88,30,NO CONTROLS,ONE-WAY,DRY
89,30,NO CONTROLS,NOT DIVIDED,DRY
90,30,TRAFFIC SIGNAL,NOT DIVIDED,DRY
91,25,NO CONTROLS,NOT DIVIDED,DRY
92,30,STOP SIGN/FLASHER,DIVIDED - W/MEDIAN (NOT RAISED),DRY
93,30,NO CONTROLS,NOT DIVIDED,WET
94,15,NO CONTROLS,PARKING LOT,DRY
95,30,NO CONTROLS,NOT DIVIDED,WET
96,25,TRAFFIC SIGNAL,DIVIDED - W/MEDIAN (NOT RAISED),DRY
97,35,TRAFFIC SIGNAL,FOUR WAY,WET
98,30,NO CONTROLS,NOT DIVIDED,DRY
99,30,TRAFFIC SIGNAL,NOT DIVIDED,DRY
100,30,NO CONTROLS,NOT DIVIDED,DRY
101,30,NO CONTROLS,DIVIDED - W/MEDIAN (NOT RAISED),DRY
102,30,TRAFFIC SIGNAL,NOT DIVIDED,WET
103,30,NO CONTROLS,NOT DIVIDED,DRY
104,30,NO CONTROLS,NOT DIVIDED,DRY
105,30,NO CONTROLS,NOT DIVIDED,DRY
106,30,TRAFFIC SIGNAL,NOT DIVIDED,DRY
107,10,NO CONTROLS,PARKING LOT,UNKNOWN
108,30,NO CONTROLS,ONE-WAY,DRY
109,30,TRAFFIC SIGNAL,DIVIDED - W/MEDIAN (NOT RAISED),DRY
110,30,NO CONTROLS,DIVIDED - W/MEDIAN (NOT RAISED),DRY
111,30,TRAFFIC SIGNAL,NOT DIVIDED,DRY
112,35,TRAFFIC SIGNAL,NOT DIVIDED,DRY
113,30,TRAFFIC SIGNAL,NOT DIVIDED,WET
114,30,TRAFFIC SIGNAL,DIVIDED - W/MEDIAN (NOT RAISED),DRY
115,30,NO CONTROLS,NOT DIVIDED,DRY
116,30,TRAFFIC SIGNAL,NOT DIVIDED,DRY
117,30,NO CONTROLS,OTHER,WET
118,35,NO CONTROLS,NOT DIVIDED,DRY
119,30,NO CONTROLS,OTHER,DRY
120,45,NO CONTROLS,DIVIDED - W/MEDIAN BARRIER,DRY
121,25,NO CONTROLS,NOT DIVIDED,SNOW OR SLUSH
122,30,NO CONTROLS,NOT DIVIDED,DRY
123,30,NO CONTROLS,ONE-WAY,DRY
124,30,NO CONTROLS,ONE-WAY,UNKNOWN
125,30,NO CONTROLS,NOT DIVIDED,DRY
126,30,NO CONTROLS,NOT DIVIDED,DRY
127,30,NO CONTROLS,NOT DIVIDED,DRY
128,25,STOP SIGN/FLASHER,ONE-WAY,WET
129,35,TRAFFIC SIGNAL,DIVIDED - W/MEDIAN (NOT RAISED),DRY
130,40,NO CONTROLS,NOT DIVIDED,WET
131,30,TRAFFIC SIGNAL,OTHER,DRY
132,30,STOP SIGN/FLASHER,DIVIDED - W/MEDIAN (NOT RAISED),WET
133,20,STOP SIGN/FLASHER,NOT DIVIDED,DRY
134,30,NO CONTROLS,NOT DIVIDED,DRY
135,30,NO CONTROLS,ONE-WAY,DRY
136,30,TRAFFIC SIGNAL,NOT DIVIDED,DRY
137,30,STOP SIGN/FLASHER,ONE-WAY,WET
138,30,NO CONTROLS,DIVIDED - W/MEDIAN (NOT RAISED),DRY
139,30,NO CONTROLS,NOT DIVIDED,DRY
140,30,NO CONTROLS,T-INTERSECTION,DRY
141,25,OTHER,DIVIDED - W/MEDIAN BARRIER,DRY
142,30,NO CONTROLS,DIVIDED - W/MEDIAN (NOT RAISED),DRY
143,30,TRAFFIC SIGNAL,NOT DIVIDED,DRY
144,30,TRAFFIC SIGNAL,NOT DIVIDED,DRY
145,35,NO CONTROLS,NOT DIVIDED,UNKNOWN
146,30,TRAFFIC SIGNAL,DIVIDED - W/MEDIAN BARRIER,DRY
147,30,TRAFFIC SIGNAL,NOT DIVIDED,DRY
148,20,NO CONTROLS,NOT DIVIDED,DRY
149,35,NO CONTROLS,OTHER,DRY
150,30,TRAFFIC SIGNAL,NOT DIVIDED,DRY
151,30,STOP SIGN/FLASHER,T-INTERSECTION,DRY
152,30,NO CONTROLS,NOT DIVIDED,DRY
153,30,NO CONTROLS,NOT DIVIDED,DRY
154,30,TRAFFIC SIGNAL,NOT DIVIDED,DRY
155,30,NO CONTROLS,NOT DIVIDED,WET
156,30,NO CONTROLS,ONE-WAY,DRY
157,30,NO CONTROLS,DIVIDED - W/MEDIAN (NOT RAISED),DRY
158,30,NO CONTROLS,NOT DIVIDED,DRY
159,30,TRAFFIC SIGNAL,NOT DIVIDED,DRY
160,30,UNKNOWN,NOT DIVIDED,UNKNOWN
161,30,NO CONTROLS,ONE-WAY,WET
162,30,NO CONTROLS,PARKING LOT,DRY
163,35,NO CONTROLS,ONE-WAY,DRY
164,30,TRAFFIC SIGNAL,NOT DIVIDED,DRY
165,30,NO CONTROLS,ONE-WAY,ICE
166,25,NO CONTROLS,PARKING LOT,DRY
167,30,NO CONTROLS,NOT DIVIDED,WET
168,30,TRAFFIC SIGNAL,NOT DIVIDED,DRY
169,30,TRAFFIC SIGNAL,DIVIDED - W/MEDIAN (NOT RAISED),DRY
170,20,NO CONTROLS,DIVIDED - W/MEDIAN (NOT RAISED),DRY
171,0,NO CONTROLS,DIVIDED - W/MEDIAN (NOT RAISED),DRY
172,30,UNKNOWN,NOT DIVIDED,DRY
173,30,NO CONTROLS,NOT DIVIDED,UNKNOWN
174,30,NO CONTROLS,NOT DIVIDED,DRY
175,30,NO CONTROLS,DIVIDED - W/MEDIAN (NOT RAISED),DRY
176,35,NO CONTROLS,DIVIDED - W/MEDIAN (NOT RAISED),DRY
177,35,NO CONTROLS,NOT DIVIDED,WET
178,30,NO CONTROLS,DRIVEWAY,DRY
179,35,TRAFFIC SIGNAL,NOT DIVIDED,DRY
180,35,TRAFFIC SIGNAL,NOT DIVIDED,DRY
181,30,NO CONTROLS,NOT DIVIDED,DRY
182,30,NO CONTROLS,NOT DIVIDED,UNKNOWN
183,15,NO CONTROLS,NOT DIVIDED,DRY
184,30,TRAFFIC SIGNAL,DIVIDED - W/MEDIAN (NOT RAISED),DRY
185,30,NO CONTROLS,ONE-WAY,DRY
186,30,NO CONTROLS,DIVIDED - W/MEDIAN (NOT RAISED),WET
187,25,NO CONTROLS,NOT DIVIDED,DRY
188,35,TRAFFIC SIGNAL,NOT DIVIDED,DRY
189,20,NO CONTROLS,PARKING LOT,DRY
190,30,TRAFFIC SIGNAL,NOT DIVIDED,DRY
191,10,NO CONTROLS,PARKING LOT,WET
192,30,TRAFFIC SIGNAL,NOT DIVIDED,WET
193,30,TRAFFIC SIGNAL,NOT DIVIDED,DRY
194,30,NO CONTROLS,NOT DIVIDED,DRY
195,30,TRAFFIC SIGNAL,DIVIDED - W/MEDIAN (NOT RAISED),DRY
196,30,NO CONTROLS,DIVIDED - W/MEDIAN (NOT RAISED),DRY
197,10,NO CONTROLS,PARKING LOT,UNKNOWN
198,30,NO CONTROLS,ONE-WAY,DRY
199,30,NO CONTROLS,NOT DIVIDED,DRY
200,30,TRAFFIC SIGNAL,ONE-WAY,DRY
201,30,NO CONTROLS,NOT DIVIDED,DRY
202,30,TRAFFIC SIGNAL,DIVIDED - W/MEDIAN (NOT RAISED),DRY
203,30,YIELD,ONE-WAY,DRY
204,30,TRAFFIC SIGNAL,DIVIDED - W/MEDIAN (NOT RAISED),DRY
205,30,NO CONTROLS,ONE-WAY,DRY
206,30,NO CONTROLS,DIVIDED - W/MEDIAN (NOT RAISED),DRY
207,30,NO CONTROLS,NOT DIVIDED,DRY
208,20,NO CONTROLS,ONE-WAY,DRY
209,30,STOP SIGN/FLASHER,CENTER TURN LANE,DRY
210,30,TRAFFIC SIGNAL,NOT DIVIDED,DRY
211,15,NO CONTROLS,ONE-WAY,WET
212,30,NO CONTROLS,DIVIDED - W/MEDIAN BARRIER,DRY
213,30,NO CONTROLS,DIVIDED - W/MEDIAN (NOT RAISED),DRY
214,30,TRAFFIC SIGNAL,NOT DIVIDED,DRY
215,35,UNKNOWN,NOT DIVIDED,DRY
216,30,NO CONTROLS,NOT DIVIDED,WET
217,30,NO CONTROLS,ONE-WAY,DRY
218,25,NO CONTROLS,NOT DIVIDED,UNKNOWN
219,30,TRAFFIC SIGNAL,NOT DIVIDED,DRY
220,35,TRAFFIC SIGNAL,DIVIDED - W/MEDIAN (NOT RAISED),WET
221,30,TRAFFIC SIGNAL,DIVIDED - W/MEDIAN (NOT RAISED),DRY
222,35,NO CONTROLS,NOT DIVIDED,UNKNOWN
223,30,UNKNOWN,NOT DIVIDED,UNKNOWN
224,30,NO CONTROLS,DIVIDED - W/MEDIAN (NOT RAISED),UNKNOWN
225,15,NO CONTROLS,PARKING LOT,DRY
226,30,NO CONTROLS,NOT DIVIDED,DRY
227,0,TRAFFIC SIGNAL,UNKNOWN,DRY
228,20,NO CONTROLS,PARKING LOT,UNKNOWN
229,30,STOP SIGN/FLASHER,NOT DIVIDED,DRY
230,35,TRAFFIC SIGNAL,DIVIDED - W/MEDIAN (NOT RAISED),DRY
231,30,TRAFFIC SIGNAL,DIVIDED - W/MEDIAN (NOT RAISED),DRY
232,30,TRAFFIC SIGNAL,DIVIDED - W/MEDIAN BARRIER,DRY
233,20,YIELD,PARKING LOT,DRY
234,30,NO CONTROLS,NOT DIVIDED,WET
235,30,TRAFFIC SIGNAL,FOUR WAY,UNKNOWN
236,30,UNKNOWN,NOT DIVIDED,DRY
237,30,NO CONTROLS,ONE-WAY,DRY
238,35,NO CONTROLS,NOT DIVIDED,DRY
239,30,NO CONTROLS,DIVIDED - W/MEDIAN (NOT RAISED),DRY
240,30,NO CONTROLS,DIVIDED - W/MEDIAN (NOT RAISED),DRY
241,25,NO CONTROLS,ONE-WAY,WET
242,30,NO CONTROLS,NOT DIVIDED,DRY
243,15,STOP SIGN/FLASHER,DIVIDED - W/MEDIAN (NOT RAISED),DRY
244,30,TRAFFIC SIGNAL,OTHER,UNKNOWN
245,30,TRAFFIC SIGNAL,NOT DIVIDED,WET
246,30,NO CONTROLS,CENTER TURN LANE,DRY
247,30,NO CONTROLS,ONE-WAY,DRY
248,30,TRAFFIC SIGNAL,NOT DIVIDED,DRY
249,30,NO CONTROLS,ONE-WAY,DRY
250,30,NO CONTROLS,ONE-WAY,WET
251,30,NO CONTROLS,FOUR WAY,DRY
252,30,TRAFFIC SIGNAL,DIVIDED - W/MEDIAN (NOT RAISED),DRY
253,25,NO CONTROLS,DIVIDED - W/MEDIAN (NOT RAISED),DRY
254,30,NO CONTROLS,T-INTERSECTION,DRY
255,30,TRAFFIC SIGNAL,DIVIDED - W/MEDIAN (NOT RAISED),DRY
256,30,TRAFFIC SIGNAL,NOT DIVIDED,DRY
257,45,NO CONTROLS,DIVIDED - W/MEDIAN BARRIER,DRY
258,30,TRAFFIC SIGNAL,NOT DIVIDED,WET
259,30,NO CONTROLS,NOT DIVIDED,WET
260,30,NO CONTROLS,NOT DIVIDED,DRY
261,30,TRAFFIC SIGNAL,NOT DIVIDED,DRY
262,30,NO CONTROLS,ONE-WAY,DRY
263,30,NO CONTROLS,ONE-WAY,DRY
264,30,TRAFFIC SIGNAL,ONE-WAY,DRY
265,30,TRAFFIC SIGNAL,CENTER TURN LANE,SNOW OR SLUSH
266,30,NO CONTROLS,DIVIDED - W/MEDIAN (NOT RAISED),DRY
267,30,NO CONTROLS,NOT DIVIDED,WET
268,25,NO CONTROLS,NOT DIVIDED,WET
269,30,NO CONTROLS,NOT DIVIDED,WET
270,30,TRAFFIC SIGNAL,NOT DIVIDED,DRY
271,30,TRAFFIC SIGNAL,DIVIDED - W/MEDIAN (NOT RAISED),UNKNOWN
272,35,TRAFFIC SIGNAL,NOT DIVIDED,DRY
273,30,NO CONTROLS,UNKNOWN,WET
274,25,NO CONTROLS,DIVIDED - W/MEDIAN (NOT RAISED),DRY
275,30,NO CONTROLS,UNKNOWN,DRY
276,30,TRAFFIC SIGNAL,NOT DIVIDED,DRY
277,30,TRAFFIC SIGNAL,NOT DIVIDED,DRY
278,5,NO CONTROLS,PARKING LOT,DRY
279,30,NO CONTROLS,ONE-WAY,DRY
280,30,NO CONTROLS,DIVIDED - W/MEDIAN (NOT RAISED),DRY
281,35,TRAFFIC SIGNAL,NOT DIVIDED,DRY
282,30,NO CONTROLS,NOT DIVIDED,DRY
283,10,NO CONTROLS,PARKING LOT,DRY
284,30,NO CONTROLS,NOT DIVIDED,DRY
285,30,NO CONTROLS,NOT DIVIDED,DRY
286,30,NO CONTROLS,DIVIDED - W/MEDIAN (NOT RAISED),UNKNOWN
287,30,STOP SIGN/FLASHER,NOT DIVIDED,DRY
288,0,NO CONTROLS,PARKING LOT,DRY
289,30,TRAFFIC SIGNAL,NOT DIVIDED,DRY
290,30,OTHER REG. SIGN,NOT DIVIDED,UNKNOWN
291,30,TRAFFIC SIGNAL,NOT DIVIDED,DRY
292,20,NO CONTROLS,ONE-WAY,WET
293,30,TRAFFIC SIGNAL,NOT DIVIDED,DRY
294,15,NO CONTROLS,ALLEY,DRY
295,30,NO CONTROLS,NOT DIVIDED,DRY
296,35,NO CONTROLS,NOT DIVIDED,DRY
297,30,NO CONTROLS,PARKING LOT,DRY
298,30,NO CONTROLS,NOT DIVIDED,UNKNOWN
299,30,NO CONTROLS,NOT DIVIDED,DRY
300,30,NO CONTROLS,NOT DIVIDED,DRY
301,30,STOP SIGN/FLASHER,DIVIDED - W/MEDIAN (NOT RAISED),DRY
302,30,TRAFFIC SIGNAL,DIVIDED - W/MEDIAN (NOT RAISED),WET
303,30,NO CONTROLS,NOT DIVIDED,WET
304,30,NO CONTROLS,NOT DIVIDED,WET
305,25,TRAFFIC SIGNAL,NOT DIVIDED,DRY
306,30,NO CONTROLS,NOT DIVIDED,DRY
307,30,STOP SIGN/FLASHER,NOT DIVIDED,WET
308,30,NO CONTROLS,NOT DIVIDED,WET
309,35,TRAFFIC SIGNAL,NOT DIVIDED,DRY
310,30,NO CONTROLS,DIVIDED - W/MEDIAN (NOT RAISED),WET
311,30,NO CONTROLS,ONE-WAY,DRY
312,0,TRAFFIC SIGNAL,UNKNOWN,WET
313,30,TRAFFIC SIGNAL,DIVIDED - W/MEDIAN (NOT RAISED),DRY
314,30,TRAFFIC SIGNAL,NOT DIVIDED,DRY
315,30,NO CONTROLS,PARKING LOT,DRY
316,30,NO CONTROLS,ONE-WAY,DRY
317,35,NO CONTROLS,NOT DIVIDED,UNKNOWN
318,30,NO CONTROLS,UNKNOWN,DRY
319,30,TRAFFIC SIGNAL,OTHER,WET
320,30,NO CONTROLS,CENTER TURN LANE,DRY
321,0,NO CONTROLS,PARKING LOT,DRY
322,30,NO CONTROLS,ONE-WAY,DRY
323,30,TRAFFIC SIGNAL,NOT DIVIDED,DRY
324,30,NO CONTROLS,NOT DIVIDED,DRY
325,30,NO CONTROLS,NOT DIVIDED,DRY
326,30,TRAFFIC SIGNAL,CENTER TURN LANE,WET
327,30,NO CONTROLS,DIVIDED - W/MEDIAN (NOT RAISED),DRY
328,30,TRAFFIC SIGNAL,NOT DIVIDED,DRY
329,30,STOP SIGN/FLASHER,NOT DIVIDED,DRY
330,20,NO CONTROLS,NOT DIVIDED,UNKNOWN
331,30,TRAFFIC SIGNAL,DIVIDED - W/MEDIAN (NOT RAISED),DRY
332,30,NO CONTROLS,NOT DIVIDED,DRY
333,15,NO CONTROLS,PARKING LOT,DRY
334,30,NO CONTROLS,DIVIDED - W/MEDIAN (NOT RAISED),DRY
335,30,NO CONTROLS,NOT DIVIDED,ICE
336,15,NO CONTROLS,PARKING LOT,DRY
337,35,NO CONTROLS,NOT DIVIDED,UNKNOWN
338,30,STOP SIGN/FLASHER,NOT DIVIDED,WET
339,30,TRAFFIC SIGNAL,DIVIDED - W/MEDIAN (NOT RAISED),DRY
340,15,NO CONTROLS,NOT DIVIDED,WET
341,30,NO CONTROLS,NOT DIVIDED,DRY
342,30,TRAFFIC SIGNAL,DIVIDED - W/MEDIAN (NOT RAISED),DRY
343,20,NO CONTROLS,DIVIDED - W/MEDIAN (NOT RAISED),DRY
344,30,NO CONTROLS,DIVIDED - W/MEDIAN (NOT RAISED),WET
345,30,STOP SIGN/FLASHER,OTHER,DRY
346,15,NO CONTROLS,OTHER,DRY
347,30,NO CONTROLS,NOT DIVIDED,WET
348,15,NO CONTROLS,PARKING LOT,DRY
349,3,OTHER REG. SIGN,ONE-WAY,DRY
350,30,NO CONTROLS,NOT DIVIDED,WET
351,30,STOP SIGN/FLASHER,DIVIDED - W/MEDIAN (NOT RAISED),DRY
352,25,TRAFFIC SIGNAL,NOT DIVIDED,DRY
353,30,NO CONTROLS,NOT DIVIDED,DRY
354,30,UNKNOWN,UNKNOWN,UNKNOWN
355,25,NO CONTROLS,DIVIDED - W/MEDIAN (NOT RAISED),DRY
356,30,UNKNOWN,UNKNOWN,DRY
357,30,NO CONTROLS,DIVIDED - W/MEDIAN (NOT RAISED),DRY
358,30,NO CONTROLS,NOT DIVIDED,WET
359,25,TRAFFIC SIGNAL,ONE-WAY,DRY
360,30,NO CONTROLS,DIVIDED - W/MEDIAN (NOT RAISED),DRY
361,30,TRAFFIC SIGNAL,NOT DIVIDED,DRY
362,30,TRAFFIC SIGNAL,NOT DIVIDED,DRY
363,30,NO CONTROLS,DIVIDED - W/MEDIAN (NOT RAISED),DRY
364,30,UNKNOWN,NOT DIVIDED,UNKNOWN
365,30,NO CONTROLS,NOT DIVIDED,WET
366,30,NO CONTROLS,OTHER,WET
367,30,NO CONTROLS,DIVIDED - W/MEDIAN (NOT RAISED),DRY
368,30,STOP SIGN/FLASHER,ONE-WAY,DRY
369,30,NO CONTROLS,DIVIDED - W/MEDIAN (NOT RAISED),DRY
370,20,NO CONTROLS,ONE-WAY,WET
371,30,NO CONTROLS,DIVIDED - W/MEDIAN (NOT RAISED),DRY
372,30,UNKNOWN,ONE-WAY,DRY
373,30,STOP SIGN/FLASHER,ONE-WAY,WET
374,20,NO CONTROLS,ONE-WAY,DRY
375,30,NO CONTROLS,NOT DIVIDED,DRY
376,30,LANE USE MARKING,DIVIDED - W/MEDIAN BARRIER,DRY
377,30,NO CONTROLS,CENTER TURN LANE,DRY
378,0,NO CONTROLS,DIVIDED - W/MEDIAN (NOT RAISED),DRY
379,30,NO CONTROLS,NOT DIVIDED,DRY
380,30,TRAFFIC SIGNAL,DIVIDED - W/MEDIAN BARRIER,DRY
381,20,NO CONTROLS,ONE-WAY,DRY
382,30,NO CONTROLS,DIVIDED - W/MEDIAN (NOT RAISED),DRY
383,30,STOP SIGN/FLASHER,NOT DIVIDED,WET
384,30,TRAFFIC SIGNAL,FOUR WAY,DRY
385,30,NO CONTROLS,NOT DIVIDED,DRY
386,30,OTHER,DIVIDED - W/MEDIAN (NOT RAISED),DRY
387,30,NO CONTROLS,PARKING LOT,DRY
388,30,NO CONTROLS,NOT DIVIDED,DRY
389,30,TRAFFIC SIGNAL,NOT DIVIDED,WET
390,30,NO CONTROLS,DIVIDED - W/MEDIAN (NOT RAISED),SNOW OR SLUSH
391,30,STOP SIGN/FLASHER,NOT DIVIDED,WET
392,30,NO CONTROLS,NOT DIVIDED,DRY
393,30,TRAFFIC SIGNAL,NOT DIVIDED,DRY
394,30,NO CONTROLS,FOUR WAY,DRY
395,30,NO CONTROLS,NOT DIVIDED,WET
396,35,TRAFFIC SIGNAL,DIVIDED - W/MEDIAN (NOT RAISED),WET
397,30,TRAFFIC SIGNAL,NOT DIVIDED,WET
398,30,TRAFFIC SIGNAL,NOT DIVIDED,DRY
399,30,NO CONTROLS,NOT DIVIDED,DRY
400,25,NO CONTROLS,NOT DIVIDED,DRY
401,35,TRAFFIC SIGNAL,T-INTERSECTION,DRY
402,35,TRAFFIC SIGNAL,DIVIDED - W/MEDIAN (NOT RAISED),WET
403,25,NO CONTROLS,OTHER,WET
404,30,TRAFFIC SIGNAL,DIVIDED - W/MEDIAN BARRIER,WET
405,35,NO CONTROLS,PARKING LOT,SNOW OR SLUSH
406,30,NO CONTROLS,DIVIDED - W/MEDIAN (NOT RAISED),ICE
407,30,NO CONTROLS,NOT DIVIDED,DRY
408,20,NO CONTROLS,NOT DIVIDED,DRY
409,30,TRAFFIC SIGNAL,ONE-WAY,DRY
410,30,NO CONTROLS,NOT DIVIDED,WET
411,25,NO CONTROLS,NOT DIVIDED,WET
412,0,TRAFFIC SIGNAL,DIVIDED - W/MEDIAN (NOT RAISED),DRY
413,35,TRAFFIC SIGNAL,NOT DIVIDED,DRY
414,35,TRAFFIC SIGNAL,DIVIDED - W/MEDIAN (NOT RAISED),DRY
415,30,NO CONTROLS,NOT DIVIDED,DRY
416,30,NO CONTROLS,NOT DIVIDED,DRY
417,25,STOP SIGN/FLASHER,NOT DIVIDED,DRY
418,25,TRAFFIC SIGNAL,NOT DIVIDED,DRY
419,30,NO CONTROLS,NOT DIVIDED,DRY
420,35,NO CONTROLS,DIVIDED - W/MEDIAN (NOT RAISED),DRY
421,35,TRAFFIC SIGNAL,DIVIDED - W/MEDIAN (NOT RAISED),DRY
422,30,TRAFFIC SIGNAL,NOT DIVIDED,DRY
423,35,TRAFFIC SIGNAL,NOT DIVIDED,DRY
424,30,NO CONTROLS,NOT DIVIDED,DRY
425,30,TRAFFIC SIGNAL,DIVIDED - W/MEDIAN (NOT RAISED),DRY
426,30,NO CONTROLS,DIVIDED - W/MEDIAN (NOT RAISED),DRY
427,30,NO CONTROLS,DIVIDED - W/MEDIAN (NOT RAISED),WET
428,30,NO CONTROLS,NOT DIVIDED,DRY
429,30,TRAFFIC SIGNAL,DIVIDED - W/MEDIAN BARRIER,WET
430,25,STOP SIGN/FLASHER,DIVIDED - W/MEDIAN (NOT RAISED),DRY
431,0,NO CONTROLS,PARKING LOT,WET
432,30,TRAFFIC SIGNAL,DIVIDED - W/MEDIAN (NOT RAISED),DRY
433,25,NO CONTROLS,NOT DIVIDED,UNKNOWN
434,30,NO CONTROLS,DIVIDED - W/MEDIAN BARRIER,SNOW OR SLUSH
435,30,TRAFFIC SIGNAL,FOUR WAY,DRY
436,30,NO CONTROLS,NOT DIVIDED,DRY
437,35,TRAFFIC SIGNAL,DIVIDED - W/MEDIAN (NOT RAISED),WET
438,30,NO CONTROLS,DIVIDED - W/MEDIAN (NOT RAISED),DRY
439,30,NO CONTROLS,NOT DIVIDED,DRY
440,0,NO CONTROLS,PARKING LOT,DRY
441,30,NO CONTROLS,ONE-WAY,DRY
442,30,STOP SIGN/FLASHER,NOT DIVIDED,DRY
443,30,NO CONTROLS,NOT DIVIDED,DRY
444,20,NO CONTROLS,OTHER,DRY
445,30,NO CONTROLS,NOT DIVIDED,WET
446,30,NO CONTROLS,NOT DIVIDED,DRY
447,30,UNKNOWN,UNKNOWN,UNKNOWN
448,30,TRAFFIC SIGNAL,NOT DIVIDED,DRY
449,30,NO CONTROLS,NOT DIVIDED,WET
450,30,TRAFFIC SIGNAL,DIVIDED - W/MEDIAN (NOT RAISED),ICE
451,30,NO CONTROLS,NOT DIVIDED,DRY
452,30,TRAFFIC SIGNAL,DIVIDED - W/MEDIAN (NOT RAISED),DRY
453,30,TRAFFIC SIGNAL,"FIVE POINT, OR MORE",WET
454,35,TRAFFIC SIGNAL,NOT DIVIDED,DRY
455,25,NO CONTROLS,NOT DIVIDED,DRY
456,30,NO CONTROLS,ONE-WAY,DRY
457,30,NO CONTROLS,NOT DIVIDED,DRY
458,35,TRAFFIC SIGNAL,DIVIDED - W/MEDIAN (NOT RAISED),WET
459,30,TRAFFIC SIGNAL,DIVIDED - W/MEDIAN BARRIER,DRY
460,25,NO CONTROLS,NOT DIVIDED,DRY
461,25,NO CONTROLS,DIVIDED - W/MEDIAN (NOT RAISED),DRY
462,30,STOP SIGN/FLASHER,FOUR WAY,DRY
463,30,NO CONTROLS,NOT DIVIDED,DRY
464,30,UNKNOWN,FOUR WAY,UNKNOWN
465,30,TRAFFIC SIGNAL,FOUR WAY,DRY
466,20,NO CONTROLS,ONE-WAY,DRY
467,30,TRAFFIC SIGNAL,NOT DIVIDED,DRY
468,30,NO CONTROLS,DIVIDED - W/MEDIAN (NOT RAISED),DRY
469,30,TRAFFIC SIGNAL,NOT DIVIDED,WET
470,30,STOP SIGN/FLASHER,NOT DIVIDED,DRY
471,15,OTHER,ONE-WAY,DRY
472,30,NO CONTROLS,NOT DIVIDED,DRY
473,30,TRAFFIC SIGNAL,NOT DIVIDED,DRY
474,30,STOP SIGN/FLASHER,NOT DIVIDED,DRY
475,30,NO CONTROLS,DIVIDED - W/MEDIAN (NOT RAISED),DRY
476,30,NO CONTROLS,PARKING LOT,OTHER
477,30,NO CONTROLS,DIVIDED - W/MEDIAN (NOT RAISED),DRY
478,30,NO CONTROLS,DIVIDED - W/MEDIAN (NOT RAISED),DRY
479,30,NO CONTROLS,DIVIDED - W/MEDIAN BARRIER,DRY
480,30,NO CONTROLS,DIVIDED - W/MEDIAN (NOT RAISED),DRY
481,30,NO CONTROLS,OTHER,DRY
482,35,UNKNOWN,DIVIDED - W/MEDIAN BARRIER,DRY
483,30,NO CONTROLS,NOT DIVIDED,UNKNOWN
484,20,NO CONTROLS,ONE-WAY,DRY
485,30,NO CONTROLS,NOT DIVIDED,DRY
486,30,TRAFFIC SIGNAL,NOT DIVIDED,WET
487,30,NO CONTROLS,ONE-WAY,DRY
488,30,NO CONTROLS,NOT DIVIDED,WET
489,30,NO CONTROLS,NOT DIVIDED,DRY
490,30,TRAFFIC SIGNAL,NOT DIVIDED,DRY
491,30,NO CONTROLS,OTHER,DRY
492,30,STOP SIGN/FLASHER,NOT DIVIDED,DRY
493,30,STOP SIGN/FLASHER,NOT DIVIDED,DRY
494,30,STOP SIGN/FLASHER,NOT DIVIDED,WET
495,30,TRAFFIC SIGNAL,ONE-WAY,DRY
496,30,NO CONTROLS,ONE-WAY,DRY
497,30,NO CONTROLS,DIVIDED - W/MEDIAN (NOT RAISED),DRY
498,30,NO CONTROLS,NOT DIVIDED,DRY
499,30,NO CONTROLS,NOT DIVIDED,WET
500,30,NO CONTROLS,NOT DIVIDED,DRY
501,30,NO CONTROLS,NOT DIVIDED,DRY
502,30,NO CONTROLS,NOT DIVIDED,DRY
503,30,TRAFFIC SIGNAL,NOT DIVIDED,DRY
504,15,NO CONTROLS,DIVIDED - W/MEDIAN (NOT RAISED),DRY
505,30,NO CONTROLS,NOT DIVIDED,DRY
506,0,NO CONTROLS,NOT DIVIDED,DRY
507,30,NO CONTROLS,DIVIDED - W/MEDIAN (NOT RAISED),DRY
508,30,NO CONTROLS,NOT DIVIDED,DRY
509,30,STOP SIGN/FLASHER,NOT DIVIDED,DRY
510,25,NO CONTROLS,ONE-WAY,DRY
511,30,NO CONTROLS,NOT DIVIDED,DRY
512,10,NO CONTROLS,ALLEY,DRY
513,30,STOP SIGN/FLASHER,NOT DIVIDED,DRY
514,20,NO CONTROLS,PARKING LOT,DRY
515,30,NO CONTROLS,NOT DIVIDED,DRY
516,30,NO CONTROLS,CENTER TURN LANE,DRY
517,30,NO CONTROLS,NOT DIVIDED,DRY
518,35,TRAFFIC SIGNAL,T-INTERSECTION,DRY
519,30,NO CONTROLS,PARKING LOT,DRY
520,30,NO CONTROLS,NOT DIVIDED,DRY
521,35,STOP SIGN/FLASHER,NOT DIVIDED,DRY
522,30,NO CONTROLS,NOT DIVIDED,DRY
523,30,NO CONTROLS,NOT DIVIDED,DRY
524,30,NO CONTROLS,NOT DIVIDED,SNOW OR SLUSH
525,30,NO CONTROLS,ONE-WAY,WET
526,35,OTHER,DIVIDED - W/MEDIAN (NOT RAISED),OTHER
527,10,NO CONTROLS,ONE-WAY,SNOW OR SLUSH
528,25,STOP SIGN/FLASHER,NOT DIVIDED,SNOW OR SLUSH
529,20,NO CONTROLS,ONE-WAY,DRY
530,30,TRAFFIC SIGNAL,NOT DIVIDED,DRY
531,30,TRAFFIC SIGNAL,NOT DIVIDED,DRY
532,20,NO CONTROLS,ONE-WAY,DRY
533,30,NO CONTROLS,DIVIDED - W/MEDIAN BARRIER,DRY
534,35,NO CONTROLS,NOT DIVIDED,SNOW OR SLUSH
535,30,UNKNOWN,UNKNOWN,WET
536,30,TRAFFIC SIGNAL,NOT DIVIDED,DRY
537,35,TRAFFIC SIGNAL,FOUR WAY,DRY
538,30,TRAFFIC SIGNAL,FOUR WAY,UNKNOWN
539,30,NO CONTROLS,ONE-WAY,DRY
540,30,NO CONTROLS,ONE-WAY,DRY
541,30,NO CONTROLS,DIVIDED - W/MEDIAN (NOT RAISED),DRY
542,30,NO CONTROLS,PARKING LOT,DRY
543,30,TRAFFIC SIGNAL,DIVIDED - W/MEDIAN (NOT RAISED),DRY
544,20,NO CONTROLS,ONE-WAY,WET
545,15,NO CONTROLS,ONE-WAY,DRY
546,30,TRAFFIC SIGNAL,NOT DIVIDED,DRY
547,30,NO CONTROLS,ONE-WAY,DRY
548,30,NO CONTROLS,ONE-WAY,DRY
549,30,NO CONTROLS,NOT DIVIDED,SNOW OR SLUSH
550,25,NO CONTROLS,ONE-WAY,DRY
551,30,STOP SIGN/FLASHER,T-INTERSECTION,WET
552,10,NO CONTROLS,OTHER,DRY
553,30,TRAFFIC SIGNAL,FOUR WAY,DRY
554,30,NO CONTROLS,NOT DIVIDED,DRY
555,15,NO CONTROLS,OTHER,DRY
556,10,NO CONTROLS,OTHER,DRY
557,15,NO CONTROLS,PARKING LOT,DRY
558,35,NO CONTROLS,NOT DIVIDED,DRY
559,10,NO CONTROLS,PARKING LOT,DRY
560,20,NO CONTROLS,ONE-WAY,DRY
561,35,NO CONTROLS,NOT DIVIDED,DRY
562,10,NO CONTROLS,PARKING LOT,DRY
563,5,NO CONTROLS,PARKING LOT,SNOW OR SLUSH
564,30,NO CONTROLS,PARKING LOT,DRY
565,30,NO CONTROLS,DIVIDED - W/MEDIAN BARRIER,DRY
566,20,NO CONTROLS,ONE-WAY,DRY
567,30,NO CONTROLS,PARKING LOT,DRY
568,30,TRAFFIC SIGNAL,FOUR WAY,DRY
569,20,NO CONTROLS,ONE-WAY,DRY
570,30,TRAFFIC SIGNAL,T-INTERSECTION,DRY
571,30,NO CONTROLS,NOT DIVIDED,UNKNOWN
572,30,NO CONTROLS,NOT DIVIDED,DRY
573,30,NO CONTROLS,NOT DIVIDED,DRY
574,25,NO CONTROLS,ONE-WAY,DRY
575,25,TRAFFIC SIGNAL,OTHER,WET
576,30,TRAFFIC SIGNAL,NOT DIVIDED,DRY
577,30,NO CONTROLS,NOT DIVIDED,DRY
578,20,NO CONTROLS,OTHER,WET
579,20,NO CONTROLS,OTHER,DRY
580,10,NO CONTROLS,OTHER,SNOW OR SLUSH
581,30,STOP SIGN/FLASHER,OTHER,SNOW OR SLUSH
582,25,NO CONTROLS,NOT DIVIDED,DRY
583,30,TRAFFIC SIGNAL,RAMP,DRY
584,10,NO CONTROLS,PARKING LOT,DRY
585,10,NO CONTROLS,ALLEY,SNOW OR SLUSH
586,30,NO CONTROLS,ONE-WAY,DRY
587,30,TRAFFIC SIGNAL,DIVIDED - W/MEDIAN (NOT RAISED),DRY
588,30,NO CONTROLS,DIVIDED - W/MEDIAN (NOT RAISED),DRY
589,20,NO CONTROLS,ONE-WAY,DRY
590,30,NO CONTROLS,NOT DIVIDED,DRY
591,20,STOP SIGN/FLASHER,ONE-WAY,DRY
592,35,NO CONTROLS,ONE-WAY,DRY
593,10,NO CONTROLS,OTHER,DRY
594,20,NO CONTROLS,ONE-WAY,DRY
595,20,NO CONTROLS,OTHER,DRY
596,25,TRAFFIC SIGNAL,CENTER TURN LANE,DRY
597,30,NO CONTROLS,NOT DIVIDED,ICE
598,30,NO CONTROLS,DIVIDED - W/MEDIAN BARRIER,DRY
599,20,NO CONTROLS,RAMP,DRY
600,30,TRAFFIC SIGNAL,CENTER TURN LANE,DRY
601,30,STOP SIGN/FLASHER,NOT DIVIDED,WET
602,20,TRAFFIC SIGNAL,NOT DIVIDED,DRY
603,15,NO CONTROLS,PARKING LOT,WET
604,30,TRAFFIC SIGNAL,NOT DIVIDED,DRY
605,15,NO CONTROLS,PARKING LOT,DRY
606,20,NO CONTROLS,PARKING LOT,DRY
607,30,TRAFFIC SIGNAL,ONE-WAY,DRY
608,5,OTHER,ONE-WAY,SNOW OR SLUSH
609,25,NO CONTROLS,DIVIDED - W/MEDIAN (NOT RAISED),DRY
610,30,TRAFFIC SIGNAL,NOT DIVIDED,DRY
611,30,TRAFFIC SIGNAL,NOT DIVIDED,DRY
612,25,TRAFFIC SIGNAL,DIVIDED - W/MEDIAN BARRIER,DRY
613,30,STOP SIGN/FLASHER,DIVIDED - W/MEDIAN (NOT RAISED),DRY
614,5,NO CONTROLS,DRIVEWAY,DRY
615,35,STOP SIGN/FLASHER,T-INTERSECTION,DRY
616,5,NO CONTROLS,OTHER,DRY
617,35,TRAFFIC SIGNAL,NOT DIVIDED,DRY
618,30,NO CONTROLS,PARKING LOT,DRY
619,10,NO CONTROLS,PARKING LOT,UNKNOWN
620,35,TRAFFIC SIGNAL,NOT DIVIDED,WET
621,35,NO CONTROLS,NOT DIVIDED,WET
622,30,NO CONTROLS,DIVIDED - W/MEDIAN BARRIER,DRY
623,30,NO CONTROLS,NOT DIVIDED,DRY
624,20,NO CONTROLS,ONE-WAY,DRY
625,30,NO CONTROLS,DIVIDED - W/MEDIAN (NOT RAISED),DRY
626,25,STOP SIGN/FLASHER,UNKNOWN,SNOW OR SLUSH
627,30,OTHER REG. SIGN,DIVIDED - W/MEDIAN (NOT RAISED),DRY
628,55,NO CONTROLS,ONE-WAY,DRY
629,20,NO CONTROLS,ONE-WAY,DRY
630,30,STOP SIGN/FLASHER,FOUR WAY,DRY
631,30,NO CONTROLS,ONE-WAY,DRY
632,30,NO CONTROLS,ALLEY,DRY
633,35,TRAFFIC SIGNAL,DIVIDED - W/MEDIAN BARRIER,DRY
634,30,TRAFFIC SIGNAL,DIVIDED - W/MEDIAN BARRIER,DRY
635,30,TRAFFIC SIGNAL,DIVIDED - W/MEDIAN (NOT RAISED),SNOW OR SLUSH
636,20,NO CONTROLS,OTHER,DRY
637,30,NO CONTROLS,NOT DIVIDED,DRY
638,30,NO CONTROLS,DIVIDED - W/MEDIAN BARRIER,WET
639,30,NO CONTROLS,NOT DIVIDED,WET
640,30,STOP SIGN/FLASHER,T-INTERSECTION,DRY
641,30,STOP SIGN/FLASHER,DIVIDED - W/MEDIAN (NOT RAISED),WET
642,30,TRAFFIC SIGNAL,DIVIDED - W/MEDIAN (NOT RAISED),SNOW OR SLUSH
643,30,NO CONTROLS,NOT DIVIDED,DRY
644,30,STOP SIGN/FLASHER,NOT DIVIDED,WET
645,20,NO CONTROLS,ONE-WAY,DRY
646,30,NO CONTROLS,ONE-WAY,SNOW OR SLUSH
647,30,NO CONTROLS,NOT DIVIDED,DRY
648,30,NO CONTROLS,ONE-WAY,SNOW OR SLUSH
649,30,NO CONTROLS,NOT DIVIDED,DRY
650,20,NO CONTROLS,DIVIDED - W/MEDIAN (NOT RAISED),DRY
651,30,NO CONTROLS,ONE-WAY,DRY
652,30,NO CONTROLS,NOT DIVIDED,DRY
653,20,NO CONTROLS,ONE-WAY,WET
654,30,NO CONTROLS,DIVIDED - W/MEDIAN (NOT RAISED),DRY
655,20,UNKNOWN,UNKNOWN,UNKNOWN
656,15,NO CONTROLS,PARKING LOT,DRY
657,30,NO CONTROLS,ONE-WAY,DRY
658,35,NO CONTROLS,NOT DIVIDED,DRY
659,25,NO CONTROLS,ONE-WAY,DRY
660,45,TRAFFIC SIGNAL,FOUR WAY,DRY
661,30,NO CONTROLS,NOT DIVIDED,DRY
662,20,NO CONTROLS,ONE-WAY,WET
663,30,TRAFFIC SIGNAL,DIVIDED - W/MEDIAN (NOT RAISED),DRY
664,55,NO CONTROLS,DIVIDED - W/MEDIAN BARRIER,DRY
665,55,NO CONTROLS,NOT DIVIDED,SNOW OR SLUSH
666,55,NO CONTROLS,NOT DIVIDED,DRY
667,20,OTHER,PARKING LOT,DRY
668,30,STOP SIGN/FLASHER,DIVIDED - W/MEDIAN (NOT RAISED),DRY
669,30,TRAFFIC SIGNAL,NOT DIVIDED,DRY
670,15,NO CONTROLS,NOT DIVIDED,DRY
671,30,NO CONTROLS,ONE-WAY,DRY
672,30,STOP SIGN/FLASHER,FOUR WAY,DRY
673,30,NO CONTROLS,NOT DIVIDED,WET
674,10,NO CONTROLS,PARKING LOT,DRY
675,30,NO CONTROLS,NOT DIVIDED,DRY
676,20,NO CONTROLS,OTHER,DRY
677,30,STOP SIGN/FLASHER,NOT DIVIDED,WET
678,25,TRAFFIC SIGNAL,DIVIDED - W/MEDIAN BARRIER,DRY
679,30,TRAFFIC SIGNAL,T-INTERSECTION,WET
680,30,TRAFFIC SIGNAL,DIVIDED - W/MEDIAN (NOT RAISED),DRY
681,10,NO CONTROLS,PARKING LOT,DRY
682,30,TRAFFIC SIGNAL,DIVIDED - W/MEDIAN (NOT RAISED),DRY
683,30,TRAFFIC SIGNAL,DIVIDED - W/MEDIAN (NOT RAISED),DRY
684,30,TRAFFIC SIGNAL,NOT DIVIDED,DRY
685,30,TRAFFIC SIGNAL,FOUR WAY,WET
686,15,NO CONTROLS,OTHER,DRY
687,35,TRAFFIC SIGNAL,NOT DIVIDED,DRY
688,30,NO CONTROLS,NOT DIVIDED,DRY
689,30,NO CONTROLS,NOT DIVIDED,DRY
690,15,NO CONTROLS,PARKING LOT,DRY
691,30,TRAFFIC SIGNAL,DIVIDED - W/MEDIAN BARRIER,WET
692,25,STOP SIGN/FLASHER,NOT DIVIDED,WET
693,30,TRAFFIC SIGNAL,CENTER TURN LANE,DRY
694,10,NO CONTROLS,PARKING LOT,DRY
695,20,NO CONTROLS,ONE-WAY,WET
696,30,NO CONTROLS,NOT DIVIDED,DRY
697,25,NO CONTROLS,OTHER,WET
698,15,NO CONTROLS,PARKING LOT,DRY
699,30,TRAFFIC SIGNAL,ONE-WAY,DRY
700,30,TRAFFIC SIGNAL,NOT DIVIDED,DRY
701,30,NO CONTROLS,OTHER,DRY
702,30,TRAFFIC SIGNAL,NOT DIVIDED,DRY
703,35,NO CONTROLS,DIVIDED - W/MEDIAN (NOT RAISED),DRY
704,30,NO CONTROLS,NOT DIVIDED,UNKNOWN
705,30,NO CONTROLS,NOT DIVIDED,DRY
706,30,TRAFFIC SIGNAL,NOT DIVIDED,DRY
707,30,NO CONTROLS,NOT DIVIDED,DRY
708,30,NO CONTROLS,PARKING LOT,DRY
709,10,STOP SIGN/FLASHER,ONE-WAY,WET
710,15,FLASHING CONTROL SIGNAL,DIVIDED - W/MEDIAN (NOT RAISED),DRY
711,20,NO CONTROLS,ONE-WAY,WET
712,30,NO CONTROLS,NOT DIVIDED,WET
713,10,NO CONTROLS,PARKING LOT,DRY
714,20,NO CONTROLS,T-INTERSECTION,UNKNOWN
715,10,NO CONTROLS,NOT DIVIDED,WET
716,30,TRAFFIC SIGNAL,ONE-WAY,WET
717,30,TRAFFIC SIGNAL,FOUR WAY,DRY
718,30,NO CONTROLS,NOT DIVIDED,DRY
719,25,NO CONTROLS,PARKING LOT,WET
720,10,NO CONTROLS,PARKING LOT,DRY
721,30,STOP SIGN/FLASHER,FOUR WAY,DRY
722,30,STOP SIGN/FLASHER,NOT DIVIDED,DRY
723,30,NO CONTROLS,ONE-WAY,ICE
724,30,NO CONTROLS,DIVIDED - W/MEDIAN (NOT RAISED),DRY
725,30,NO CONTROLS,NOT DIVIDED,DRY
726,30,STOP SIGN/FLASHER,ONE-WAY,DRY
727,20,STOP SIGN/FLASHER,ONE-WAY,DRY
728,30,TRAFFIC SIGNAL,Y-INTERSECTION,DRY
729,30,NO CONTROLS,NOT DIVIDED,DRY
730,15,NO CONTROLS,PARKING LOT,DRY
731,30,TRAFFIC SIGNAL,DIVIDED - W/MEDIAN (NOT RAISED),DRY
732,20,NO CONTROLS,PARKING LOT,DRY
733,10,OTHER WARNING SIGN,PARKING LOT,DRY
734,30,TRAFFIC SIGNAL,DIVIDED - W/MEDIAN (NOT RAISED),WET
735,30,NO CONTROLS,OTHER,DRY
736,30,TRAFFIC SIGNAL,DIVIDED - W/MEDIAN BARRIER,DRY
737,30,NO CONTROLS,NOT DIVIDED,DRY
738,30,NO CONTROLS,ONE-WAY,DRY
739,10,NO CONTROLS,ALLEY,UNKNOWN
740,20,NO CONTROLS,ONE-WAY,DRY
741,30,NO CONTROLS,ONE-WAY,DRY
742,30,TRAFFIC SIGNAL,DIVIDED - W/MEDIAN (NOT RAISED),DRY
743,30,NO CONTROLS,NOT DIVIDED,DRY
744,30,NO CONTROLS,NOT DIVIDED,DRY
745,25,NO CONTROLS,ONE-WAY,DRY
746,10,NO CONTROLS,PARKING LOT,WET
747,30,NO CONTROLS,DIVIDED - W/MEDIAN (NOT RAISED),DRY
748,10,NO CONTROLS,OTHER,DRY
749,35,TRAFFIC SIGNAL,NOT DIVIDED,DRY
750,30,NO CONTROLS,NOT DIVIDED,DRY
751,30,NO CONTROLS,NOT DIVIDED,UNKNOWN
752,30,NO CONTROLS,NOT DIVIDED,DRY
753,30,TRAFFIC SIGNAL,FOUR WAY,DRY
754,30,STOP SIGN/FLASHER,ONE-WAY,DRY
755,25,NO CONTROLS,NOT DIVIDED,SNOW OR SLUSH
756,20,NO CONTROLS,PARKING LOT,DRY
757,15,NO CONTROLS,PARKING LOT,DRY
758,30,NO CONTROLS,PARKING LOT,DRY
759,30,NO CONTROLS,NOT DIVIDED,WET
760,30,STOP SIGN/FLASHER,FOUR WAY,WET
761,30,UNKNOWN,NOT DIVIDED,UNKNOWN
762,30,NO CONTROLS,ONE-WAY,DRY
763,10,NO CONTROLS,PARKING LOT,DRY
764,35,TRAFFIC SIGNAL,FOUR WAY,DRY
765,15,NO CONTROLS,ALLEY,UNKNOWN
766,30,NO CONTROLS,ONE-WAY,DRY
767,35,NO CONTROLS,NOT DIVIDED,DRY
768,30,UNKNOWN,ONE-WAY,UNKNOWN
769,30,TRAFFIC SIGNAL,FOUR WAY,DRY
770,30,TRAFFIC SIGNAL,NOT DIVIDED,DRY
771,25,NO CONTROLS,ONE-WAY,DRY
772,30,NO CONTROLS,ALLEY,DRY
773,55,NO CONTROLS,DIVIDED - W/MEDIAN BARRIER,WET
774,30,TRAFFIC SIGNAL,DIVIDED - W/MEDIAN (NOT RAISED),DRY
775,15,NO CONTROLS,PARKING LOT,DRY
776,30,NO CONTROLS,NOT DIVIDED,DRY
777,25,TRAFFIC SIGNAL,NOT DIVIDED,DRY
778,20,NO CONTROLS,NOT DIVIDED,DRY
779,30,TRAFFIC SIGNAL,DIVIDED - W/MEDIAN (NOT RAISED),DRY
780,10,NO CONTROLS,PARKING LOT,WET
781,15,NO CONTROLS,PARKING LOT,DRY
782,35,NO CONTROLS,DIVIDED - W/MEDIAN BARRIER,DRY
783,30,NO CONTROLS,NOT DIVIDED,DRY
784,30,TRAFFIC SIGNAL,DIVIDED - W/MEDIAN BARRIER,DRY
785,35,NO CONTROLS,NOT DIVIDED,DRY
786,20,NO CONTROLS,ONE-WAY,UNKNOWN
787,30,STOP SIGN/FLASHER,T-INTERSECTION,DRY
788,30,TRAFFIC SIGNAL,NOT DIVIDED,DRY
789,30,TRAFFIC SIGNAL,NOT DIVIDED,DRY
790,15,NO CONTROLS,DRIVEWAY,DRY
791,30,TRAFFIC SIGNAL,NOT DIVIDED,DRY
792,30,TRAFFIC SIGNAL,T-INTERSECTION,DRY
793,30,NO CONTROLS,NOT DIVIDED,DRY
794,30,NO CONTROLS,ONE-WAY,DRY
795,25,STOP SIGN/FLASHER,NOT DIVIDED,DRY
796,30,NO CONTROLS,NOT DIVIDED,WET
797,30,STOP SIGN/FLASHER,DIVIDED - W/MEDIAN (NOT RAISED),DRY
798,15,NO CONTROLS,PARKING LOT,DRY
799,30,TRAFFIC SIGNAL,FOUR WAY,DRY
800,10,NO CONTROLS,NOT DIVIDED,DRY
801,30,TRAFFIC SIGNAL,FOUR WAY,WET
802,30,NO CONTROLS,NOT DIVIDED,WET
803,30,NO CONTROLS,ONE-WAY,DRY
804,30,TRAFFIC SIGNAL,FOUR WAY,WET
805,30,TRAFFIC SIGNAL,FOUR WAY,WET
806,25,NO CONTROLS,NOT DIVIDED,DRY
807,10,UNKNOWN,PARKING LOT,UNKNOWN
808,10,OTHER,PARKING LOT,DRY
809,20,NO CONTROLS,ONE-WAY,DRY
810,30,TRAFFIC SIGNAL,FOUR WAY,WET
811,30,NO CONTROLS,DIVIDED - W/MEDIAN BARRIER,WET
812,35,NO CONTROLS,UNKNOWN,WET
813,35,TRAFFIC SIGNAL,DIVIDED - W/MEDIAN (NOT RAISED),DRY
814,25,NO CONTROLS,OTHER,WET
815,30,NO CONTROLS,NOT DIVIDED,DRY
816,35,TRAFFIC SIGNAL,DIVIDED - W/MEDIAN (NOT RAISED),DRY
817,10,NO CONTROLS,PARKING LOT,DRY
818,30,TRAFFIC SIGNAL,FOUR WAY,DRY
819,30,STOP SIGN/FLASHER,FOUR WAY,DRY
820,30,OTHER,DIVIDED - W/MEDIAN (NOT RAISED),UNKNOWN
821,30,TRAFFIC SIGNAL,DIVIDED - W/MEDIAN (NOT RAISED),DRY
822,30,NO CONTROLS,NOT DIVIDED,DRY
823,30,TRAFFIC SIGNAL,NOT DIVIDED,DRY
824,35,NO CONTROLS,DIVIDED - W/MEDIAN (NOT RAISED),DRY
825,50,NO CONTROLS,DIVIDED - W/MEDIAN (NOT RAISED),DRY
826,15,NO CONTROLS,PARKING LOT,DRY
827,20,NO CONTROLS,PARKING LOT,WET
828,55,NO CONTROLS,DIVIDED - W/MEDIAN BARRIER,DRY
829,25,NO CONTROLS,ALLEY,DRY
830,15,NO CONTROLS,ONE-WAY,WET
831,20,NO CONTROLS,DRIVEWAY,DRY
832,30,TRAFFIC SIGNAL,DIVIDED - W/MEDIAN (NOT RAISED),DRY
833,30,STOP SIGN/FLASHER,NOT DIVIDED,DRY
834,30,TRAFFIC SIGNAL,NOT DIVIDED,WET
835,30,STOP SIGN/FLASHER,NOT DIVIDED,DRY
836,10,NO CONTROLS,PARKING LOT,OTHER
837,30,TRAFFIC SIGNAL,DIVIDED - W/MEDIAN (NOT RAISED),DRY
838,30,TRAFFIC SIGNAL,NOT DIVIDED,DRY
839,30,NO CONTROLS,NOT DIVIDED,UNKNOWN
840,15,FLASHING CONTROL SIGNAL,DIVIDED - W/MEDIAN BARRIER,DRY
841,30,TRAFFIC SIGNAL,DIVIDED - W/MEDIAN (NOT RAISED),DRY
842,15,NO CONTROLS,NOT DIVIDED,WET
843,20,NO CONTROLS,ONE-WAY,WET
844,30,TRAFFIC SIGNAL,OTHER,DRY
845,30,NO CONTROLS,ONE-WAY,DRY
846,30,STOP SIGN/FLASHER,NOT DIVIDED,WET
847,20,NO CONTROLS,ONE-WAY,DRY
848,35,UNKNOWN,NOT DIVIDED,DRY
849,15,NO CONTROLS,PARKING LOT,DRY
850,30,TRAFFIC SIGNAL,NOT DIVIDED,DRY
851,30,TRAFFIC SIGNAL,ONE-WAY,DRY
852,30,TRAFFIC SIGNAL,NOT DIVIDED,WET
853,30,NO CONTROLS,ONE-WAY,DRY
854,30,NO CONTROLS,RAMP,DRY
855,20,NO CONTROLS,NOT DIVIDED,UNKNOWN
856,30,UNKNOWN,NOT DIVIDED,DRY
857,30,NO CONTROLS,ONE-WAY,DRY
858,45,NO CONTROLS,DIVIDED - W/MEDIAN BARRIER,WET
859,30,TRAFFIC SIGNAL,DIVIDED - W/MEDIAN (NOT RAISED),DRY
860,30,TRAFFIC SIGNAL,NOT DIVIDED,DRY
861,30,NO CONTROLS,NOT DIVIDED,DRY
862,30,NO CONTROLS,ONE-WAY,DRY
863,30,NO CONTROLS,NOT DIVIDED,DRY
864,30,NO CONTROLS,ONE-WAY,DRY
865,35,TRAFFIC SIGNAL,DIVIDED - W/MEDIAN BARRIER,DRY
866,45,NO CONTROLS,OTHER,DRY
867,30,TRAFFIC SIGNAL,NOT DIVIDED,DRY
868,20,NO CONTROLS,ONE-WAY,DRY
869,30,NO CONTROLS,ONE-WAY,DRY
870,30,NO CONTROLS,NOT DIVIDED,DRY
871,45,NO CONTROLS,DIVIDED - W/MEDIAN BARRIER,WET
872,30,NO CONTROLS,PARKING LOT,WET
873,20,NO CONTROLS,DIVIDED - W/MEDIAN (NOT RAISED),DRY
874,10,NO CONTROLS,PARKING LOT,DRY
875,15,NO CONTROLS,OTHER,DRY
876,30,TRAFFIC SIGNAL,"FIVE POINT, OR MORE",DRY
877,30,STOP SIGN/FLASHER,ONE-WAY,DRY
878,30,TRAFFIC SIGNAL,RAMP,DRY
879,10,NO CONTROLS,PARKING LOT,UNKNOWN
880,30,NO CONTROLS,NOT DIVIDED,WET
881,30,NO CONTROLS,PARKING LOT,WET
882,30,TRAFFIC SIGNAL,NOT DIVIDED,DRY
883,20,NO CONTROLS,OTHER,DRY
884,30,TRAFFIC SIGNAL,ONE-WAY,DRY
885,35,TRAFFIC SIGNAL,CENTER TURN LANE,DRY
886,25,LANE USE MARKING,ONE-WAY,DRY
887,10,NO CONTROLS,PARKING LOT,DRY
888,10,NO CONTROLS,ONE-WAY,DRY
889,30,NO CONTROLS,NOT DIVIDED,DRY
890,30,TRAFFIC SIGNAL,NOT DIVIDED,UNKNOWN
891,30,TRAFFIC SIGNAL,OTHER,DRY
892,30,TRAFFIC SIGNAL,DIVIDED - W/MEDIAN BARRIER,WET
893,50,NO CONTROLS,DIVIDED - W/MEDIAN BARRIER,DRY
894,25,NO CONTROLS,DIVIDED - W/MEDIAN BARRIER,DRY
895,25,NO CONTROLS,ONE-WAY,WET
896,15,NO CONTROLS,PARKING LOT,DRY
897,30,TRAFFIC SIGNAL,DIVIDED - W/MEDIAN BARRIER,DRY
898,30,STOP SIGN/FLASHER,DIVIDED - W/MEDIAN (NOT RAISED),WET
899,20,NO CONTROLS,ONE-WAY,DRY
900,30,TRAFFIC SIGNAL,DIVIDED - W/MEDIAN (NOT RAISED),DRY
901,30,NO CONTROLS,NOT DIVIDED,DRY
902,30,NO CONTROLS,UNKNOWN,UNKNOWN
903,30,NO CONTROLS,NOT DIVIDED,WET
904,30,TRAFFIC SIGNAL,DIVIDED - W/MEDIAN (NOT RAISED),DRY
905,30,TRAFFIC SIGNAL,NOT DIVIDED,DRY
906,15,NO CONTROLS,OTHER,DRY
907,30,NO CONTROLS,NOT DIVIDED,DRY
908,55,LANE USE MARKING,DIVIDED - W/MEDIAN BARRIER,WET
909,30,TRAFFIC SIGNAL,DIVIDED - W/MEDIAN (NOT RAISED),DRY
910,30,TRAFFIC SIGNAL,ONE-WAY,DRY
911,25,NO CONTROLS,ONE-WAY,DRY
912,30,TRAFFIC SIGNAL,NOT DIVIDED,DRY
913,20,NO CONTROLS,ONE-WAY,DRY
914,30,NO CONTROLS,OTHER,DRY
915,30,TRAFFIC SIGNAL,DIVIDED - W/MEDIAN BARRIER,DRY
916,30,NO CONTROLS,NOT DIVIDED,DRY
917,30,NO CONTROLS,NOT DIVIDED,WET
918,30,NO CONTROLS,DIVIDED - W/MEDIAN (NOT RAISED),DRY
919,20,NO CONTROLS,OTHER,DRY
920,30,NO CONTROLS,ONE-WAY,SNOW OR SLUSH
921,35,NO CONTROLS,DIVIDED - W/MEDIAN (NOT RAISED),WET
922,30,NO CONTROLS,DIVIDED - W/MEDIAN (NOT RAISED),DRY
923,10,NO CONTROLS,PARKING LOT,DRY
924,40,UNKNOWN,NOT DIVIDED,DRY
925,20,NO CONTROLS,ONE-WAY,DRY
926,30,NO CONTROLS,ONE-WAY,DRY
927,30,TRAFFIC SIGNAL,ONE-WAY,DRY
928,30,TRAFFIC SIGNAL,DIVIDED - W/MEDIAN (NOT RAISED),WET
929,55,LANE USE MARKING,DIVIDED - W/MEDIAN BARRIER,DRY
930,30,UNKNOWN,NOT DIVIDED,WET
931,20,UNKNOWN,ONE-WAY,WET
932,30,TRAFFIC SIGNAL,FOUR WAY,DRY
933,10,NO CONTROLS,PARKING LOT,DRY
934,20,NO CONTROLS,ONE-WAY,WET
935,40,NO CONTROLS,OTHER,WET
936,25,TRAFFIC SIGNAL,DIVIDED - W/MEDIAN BARRIER,DRY
937,20,NO CONTROLS,OTHER,DRY
938,30,NO CONTROLS,OTHER,DRY
939,10,NO CONTROLS,PARKING LOT,DRY
940,0,NO CONTROLS,NOT DIVIDED,DRY
941,30,TRAFFIC SIGNAL,DIVIDED - W/MEDIAN (NOT RAISED),DRY
942,30,NO CONTROLS,NOT DIVIDED,DRY
943,30,NO CONTROLS,ONE-WAY,DRY
944,30,STOP SIGN/FLASHER,UNKNOWN INTERSECTION TYPE,UNKNOWN
945,30,NO CONTROLS,NOT DIVIDED,DRY
946,30,TRAFFIC SIGNAL,NOT DIVIDED,DRY
947,30,TRAFFIC SIGNAL,NOT DIVIDED,DRY
948,30,UNKNOWN,ONE-WAY,UNKNOWN
949,30,TRAFFIC SIGNAL,ONE-WAY,WET
950,30,NO CONTROLS,ONE-WAY,DRY
951,40,NO CONTROLS,DIVIDED - W/MEDIAN BARRIER,DRY
952,30,NO CONTROLS,NOT DIVIDED,DRY
953,30,NO CONTROLS,NOT DIVIDED,DRY
954,25,STOP SIGN/FLASHER,ONE-WAY,DRY
955,35,STOP SIGN/FLASHER,OTHER,DRY
956,35,TRAFFIC SIGNAL,OTHER,DRY
957,30,NO CONTROLS,UNKNOWN,UNKNOWN
958,30,TRAFFIC SIGNAL,NOT DIVIDED,DRY
959,30,STOP SIGN/FLASHER,NOT DIVIDED,UNKNOWN
960,30,TRAFFIC SIGNAL,DIVIDED - W/MEDIAN BARRIER,DRY
961,30,TRAFFIC SIGNAL,NOT DIVIDED,DRY
962,30,TRAFFIC SIGNAL,ONE-WAY,DRY
963,30,NO CONTROLS,PARKING LOT,UNKNOWN
964,20,OTHER,OTHER,DRY
965,30,NO CONTROLS,NOT DIVIDED,DRY
966,35,TRAFFIC SIGNAL,NOT DIVIDED,DRY
967,30,STOP SIGN/FLASHER,DIVIDED - W/MEDIAN (NOT RAISED),DRY
968,20,NO CONTROLS,DIVIDED - W/MEDIAN (NOT RAISED),UNKNOWN
969,30,TRAFFIC SIGNAL,DIVIDED - W/MEDIAN (NOT RAISED),DRY
970,30,TRAFFIC SIGNAL,NOT DIVIDED,DRY
971,20,NO CONTROLS,OTHER,WET
972,20,TRAFFIC SIGNAL,OTHER,UNKNOWN
973,30,NO CONTROLS,NOT DIVIDED,WET
974,30,OTHER,ONE-WAY,SNOW OR SLUSH
975,30,NO CONTROLS,NOT DIVIDED,DRY
976,5,NO CONTROLS,PARKING LOT,DRY
977,30,NO CONTROLS,OTHER,DRY
978,30,NO CONTROLS,ONE-WAY,DRY
979,45,TRAFFIC SIGNAL,NOT DIVIDED,WET
980,45,NO CONTROLS,DIVIDED - W/MEDIAN (NOT RAISED),WET
981,0,NO CONTROLS,OTHER,DRY
982,30,TRAFFIC SIGNAL,NOT DIVIDED,WET
983,30,NO CONTROLS,NOT DIVIDED,DRY
984,30,TRAFFIC SIGNAL,NOT DIVIDED,DRY
985,30,NO CONTROLS,ONE-WAY,DRY
986,30,NO CONTROLS,DIVIDED - W/MEDIAN BARRIER,DRY
987,15,NO CONTROLS,ONE-WAY,DRY
988,30,NO CONTROLS,DIVIDED - W/MEDIAN (NOT RAISED),DRY
989,30,NO CONTROLS,ONE-WAY,UNKNOWN
990,30,NO CONTROLS,ONE-WAY,WET
991,25,NO CONTROLS,DIVIDED - W/MEDIAN (NOT RAISED),DRY
992,30,TRAFFIC SIGNAL,NOT DIVIDED,DRY
993,30,NO CONTROLS,NOT DIVIDED,DRY
994,30,TRAFFIC SIGNAL,ONE-WAY,DRY
995,5,NO CONTROLS,PARKING LOT,DRY
996,30,NO CONTROLS,NOT DIVIDED,DRY
997,30,NO CONTROLS,DIVIDED - W/MEDIAN (NOT RAISED),DRY
998,30,TRAFFIC SIGNAL,ONE-WAY,WET
999,30,STOP SIGN/FLASHER,DIVIDED - W/MEDIAN (NOT RAISED),DRY
1000,55,LANE USE MARKING,DIVIDED - W/MEDIAN BARRIER,DRY
